0.01,3.79E-05
0.02,7.45E-05
0.03,1.08E-04
0.04,1.38E-04
0.05,1.63E-04
0.06,1.81E-04
0.07,1.93E-04
0.08,1.97E-04
0.09,1.93E-04
0.1,1.81E-04
0.11,1.62E-04
0.12,1.36E-04
0.13,1.02E-04
0.14,6.36E-05
0.15,2.00E-05
0.16,-2.70E-05
0.17,-7.60E-05
0.18,-1.26E-04
0.19,-1.75E-04
0.2,-2.22E-04
0.21,-2.66E-04
0.22,-3.05E-04
0.23,-3.38E-04
0.24,-3.65E-04
0.25,-3.84E-04
0.26,-3.96E-04
0.27,-3.99E-04
0.28,-3.94E-04
0.29,-3.82E-04
0.3,-3.62E-04
0.31,-3.37E-04
0.32,-3.05E-04
0.33,-2.69E-04
0.34,-2.30E-04
0.35,-1.89E-04
0.36,-1.47E-04
0.37,-1.07E-04
0.38,-6.92E-05
0.39,-3.57E-05
0.4,-7.04E-06
0.41,1.47E-05
0.42,2.89E-05
0.43,3.46E-05
0.44,3.05E-05
0.45,1.71E-05
0.46,-7.87E-06
0.47,-4.29E-05
0.48,-8.92E-05
0.49,-1.47E-04
0.5,-2.14E-04
0.51,-2.93E-04
0.52,-3.82E-04
0.53,-4.82E-04
0.54,-5.90E-04
0.55,-7.08E-04
0.56,-8.36E-04
0.57,-9.68E-04
0.58,-0.00111
0.59,-0.00126
0.6,-0.00141
0.61,-0.00157
0.62,-0.00173
0.63,-0.0019
0.64,-0.00207
0.65,-0.00223
0.66,-0.00239
0.67,-0.00254
0.68,-0.00268
0.69,-0.00281
0.7,-0.00292
0.71,-0.003
0.72,-0.00305
0.73,-0.00307
0.74,-0.00304
0.75,-0.00297
0.76,-0.00284
0.77,-0.00264
0.78,-0.00238
0.79,-0.00203
0.8,-0.0016
0.81,-0.00108
0.82,-4.62E-04
0.83,2.44E-04
0.84,0.00106
0.85,0.00197
0.86,0.00298
0.87,0.00408
0.88,0.00527
0.89,0.00654
0.9,0.00787
0.91,0.00925
0.92,0.01068
0.93,0.01212
0.94,0.01356
0.95,0.01498
0.96,0.01634
0.97,0.01763
0.98,0.01881
0.99,0.01986
1,0.02076
1.01,0.02148
1.02,0.02199
1.03,0.02226
1.04,0.0223
1.05,0.02206
1.06,0.02154
1.07,0.02075
1.08,0.01966
1.09,0.0183
1.1,0.01664
1.11,0.01473
1.12,0.01257
1.13,0.01019
1.14,0.00764
1.15,0.00492
1.16,0.00209
1.17,-8.05E-04
1.18,-0.00372
1.19,-0.00659
1.2,-0.00939
1.21,-0.01205
1.22,-0.01451
1.23,-0.01674
1.24,-0.01868
1.25,-0.0203
1.26,-0.02155
1.27,-0.0224
1.28,-0.02286
1.29,-0.02285
1.3,-0.02242
1.31,-0.02154
1.32,-0.02025
1.33,-0.01857
1.34,-0.0165
1.35,-0.01412
1.36,-0.01144
1.37,-0.00856
1.38,-0.00551
1.39,-0.00239
1.4,7.49E-04
1.41,0.00381
1.42,0.00675
1.43,0.00944
1.44,0.01184
1.45,0.01389
1.46,0.01547
1.47,0.01662
1.48,0.01716
1.49,0.01717
1.5,0.01656
1.51,0.01533
1.52,0.01351
1.53,0.01104
1.54,0.00804
1.55,0.00445
1.56,4.11E-04
1.57,-0.00407
1.58,-0.0089
1.59,-0.01398
1.6,-0.01925
1.61,-0.0246
1.62,-0.02992
1.63,-0.03514
1.64,-0.04012
1.65,-0.04479
1.66,-0.04908
1.67,-0.05282
1.68,-0.05604
1.69,-0.0586
1.7,-0.06049
1.71,-0.06169
1.72,-0.06212
1.73,-0.06186
1.74,-0.06081
1.75,-0.05911
1.76,-0.05673
1.77,-0.05375
1.78,-0.05025
1.79,-0.04627
1.8,-0.04196
1.81,-0.03737
1.82,-0.03263
1.83,-0.02783
1.84,-0.02307
1.85,-0.01846
1.86,-0.01413
1.87,-0.01011
1.88,-0.00653
1.89,-0.00343
1.9,-8.60E-04
1.91,0.00108
1.92,0.00247
1.93,0.00318
1.94,0.00331
1.95,0.00283
1.96,0.00179
1.97,2.75E-04
1.98,-0.00172
1.99,-0.00405
2,-0.00668
2.01,-0.0095
2.02,-0.01243
2.03,-0.01537
2.04,-0.01825
2.05,-0.02094
2.06,-0.02342
2.07,-0.02557
2.08,-0.02738
2.09,-0.0288
2.1,-0.02978
2.11,-0.03036
2.12,-0.03047
2.13,-0.03021
2.14,-0.02958
2.15,-0.02866
2.16,-0.02752
2.17,-0.02621
2.18,-0.02487
2.19,-0.02357
2.2,-0.02241
2.21,-0.02151
2.22,-0.02098
2.23,-0.02086
2.24,-0.02133
2.25,-0.02236
2.26,-0.02409
2.27,-0.02651
2.28,-0.02964
2.29,-0.03352
2.3,-0.03802
2.31,-0.04324
2.32,-0.04896
2.33,-0.05515
2.34,-0.06167
2.35,-0.06836
2.36,-0.07507
2.37,-0.08163
2.38,-0.0878
2.39,-0.09344
2.4,-0.09829
2.41,-0.10216
2.42,-0.10494
2.43,-0.10623
2.44,-0.10613
2.45,-0.10422
2.46,-0.10056
2.47,-0.09501
2.48,-0.08739
2.49,-0.07791
2.5,-0.06618
2.51,-0.05262
2.52,-0.03707
2.53,-0.01975
2.54,-8.29E-04
2.55,0.01966
2.56,0.04129
2.57,0.06402
2.58,0.08743
2.59,0.11129
2.6,0.13529
2.61,0.15912
2.62,0.1824
2.63,0.20492
2.64,0.22623
2.65,0.24616
2.66,0.26437
2.67,0.28055
2.68,0.2947
2.69,0.3062
2.7,0.31538
2.71,0.32175
2.72,0.32543
2.73,0.32641
2.74,0.32447
2.75,0.32006
2.76,0.31276
2.77,0.30316
2.78,0.29119
2.79,0.2771
2.8,0.26123
2.81,0.2436
2.82,0.22474
2.83,0.20474
2.84,0.18401
2.85,0.16281
2.86,0.14143
2.87,0.12014
2.88,0.09928
2.89,0.07898
2.9,0.0596
2.91,0.04126
2.92,0.02414
2.93,0.00847
2.94,-0.00584
2.95,-0.01839
2.96,-0.02946
2.97,-0.03883
2.98,-0.0466
2.99,-0.05286
3,-0.05751
3.01,-0.06089
3.02,-0.06288
3.03,-0.06378
3.04,-0.06367
3.05,-0.06271
3.06,-0.06109
3.07,-0.0589
3.08,-0.05637
3.09,-0.05361
3.1,-0.05078
3.11,-0.04801
3.12,-0.04541
3.13,-0.04304
3.14,-0.04107
3.15,-0.03948
3.16,-0.03837
3.17,-0.03774
3.18,-0.03758
3.19,-0.03796
3.2,-0.03875
3.21,-0.04003
3.22,-0.04168
3.23,-0.04367
3.24,-0.04595
3.25,-0.04843
3.26,-0.0511
3.27,-0.05383
3.28,-0.0566
3.29,-0.05935
3.3,-0.06202
3.31,-0.06456
3.32,-0.06697
3.33,-0.06915
3.34,-0.07116
3.35,-0.07293
3.36,-0.07449
3.37,-0.07583
3.38,-0.07696
3.39,-0.07792
3.4,-0.07868
3.41,-0.07932
3.42,-0.07983
3.43,-0.08023
3.44,-0.08056
3.45,-0.08084
3.46,-0.08106
3.47,-0.08125
3.48,-0.08142
3.49,-0.08155
3.5,-0.08163
3.51,-0.08166
3.52,-0.08162
3.53,-0.08148
3.54,-0.0812
3.55,-0.08076
3.56,-0.08012
3.57,-0.07925
3.58,-0.07813
3.59,-0.07668
3.6,-0.07492
3.61,-0.0728
3.62,-0.07032
3.63,-0.06748
3.64,-0.06423
3.65,-0.06066
3.66,-0.05671
3.67,-0.05247
3.68,-0.04795
3.69,-0.04321
3.7,-0.0383
3.71,-0.03329
3.72,-0.02825
3.73,-0.02328
3.74,-0.01842
3.75,-0.01379
3.76,-0.00946
3.77,-0.00548
3.78,-0.00201
3.79,9.91E-04
3.8,0.00338
3.81,0.00515
3.82,0.00627
3.83,0.00664
3.84,0.00635
3.85,0.00529
3.86,0.00356
3.87,0.00117
3.88,-0.00187
3.89,-0.00546
3.9,-0.0096
3.91,-0.01414
3.92,-0.01904
3.93,-0.0242
3.94,-0.02952
3.95,-0.03491
3.96,-0.04027
3.97,-0.04549
3.98,-0.05052
3.99,-0.05523
4,-0.05956
4.01,-0.06347
4.02,-0.06686
4.03,-0.06976
4.04,-0.07205
4.05,-0.07381
4.06,-0.075
4.07,-0.07563
4.08,-0.07577
4.09,-0.0754
4.1,-0.07465
4.11,-0.07352
4.12,-0.07212
4.13,-0.07051
4.14,-0.06878
4.15,-0.06701
4.16,-0.06529
4.17,-0.06368
4.18,-0.06227
4.19,-0.06111
4.2,-0.06025
4.21,-0.05976
4.22,-0.0596
4.23,-0.05988
4.24,-0.06052
4.25,-0.06154
4.26,-0.06289
4.27,-0.06452
4.28,-0.06639
4.29,-0.06841
4.3,-0.07049
4.31,-0.07253
4.32,-0.07444
4.33,-0.07608
4.34,-0.07739
4.35,-0.07816
4.36,-0.0784
4.37,-0.07789
4.38,-0.0766
4.39,-0.07443
4.4,-0.07123
4.41,-0.0671
4.42,-0.06175
4.43,-0.05536
4.44,-0.04781
4.45,-0.03912
4.46,-0.02939
4.47,-0.01851
4.48,-0.00671
4.49,0.00607
4.5,0.01963
4.51,0.0339
4.52,0.04875
4.53,0.06401
4.54,0.07957
4.55,0.09526
4.56,0.1109
4.57,0.12634
4.58,0.14143
4.59,0.15596
4.6,0.16987
4.61,0.18286
4.62,0.19496
4.63,0.20592
4.64,0.21568
4.65,0.22419
4.66,0.23122
4.67,0.23693
4.68,0.24102
4.69,0.24368
4.7,0.24479
4.71,0.24436
4.72,0.24253
4.73,0.23911
4.74,0.23441
4.75,0.22832
4.76,0.22102
4.77,0.21259
4.78,0.20307
4.79,0.19269
4.8,0.1814
4.81,0.16946
4.82,0.15692
4.83,0.14392
4.84,0.13059
4.85,0.11702
4.86,0.10334
4.87,0.08966
4.88,0.07607
4.89,0.06268
4.9,0.04958
4.91,0.03682
4.92,0.02453
4.93,0.0127
4.94,0.00147
4.95,-0.00918
4.96,-0.01917
4.97,-0.02845
4.98,-0.03708
4.99,-0.04488
5,-0.052
5.01,-0.05831
5.02,-0.06386
5.03,-0.06865
5.04,-0.07264
5.05,-0.07593
5.06,-0.07837
5.07,-0.08014
5.08,-0.08116
5.09,-0.08146
5.1,-0.08112
5.11,-0.08006
5.12,-0.07842
5.13,-0.07613
5.14,-0.0733
5.15,-0.06993
5.16,-0.06604
5.17,-0.06173
5.18,-0.05697
5.19,-0.05186
5.2,-0.04642
5.21,-0.04072
5.22,-0.0348
5.23,-0.02872
5.24,-0.02254
5.25,-0.0163
5.26,-0.01008
5.27,-0.00393
5.28,0.00208
5.29,0.00793
5.3,0.01352
5.31,0.01884
5.32,0.02378
5.33,0.02836
5.34,0.0325
5.35,0.03614
5.36,0.03933
5.37,0.0419
5.38,0.04398
5.39,0.04544
5.4,0.04632
5.41,0.04661
5.42,0.04628
5.43,0.04541
5.44,0.04388
5.45,0.04184
5.46,0.03923
5.47,0.03611
5.48,0.03253
5.49,0.02845
5.5,0.024
5.51,0.01914
5.52,0.01396
5.53,0.0085
5.54,0.00278
5.55,-0.00312
5.56,-0.00918
5.57,-0.01534
5.58,-0.02157
5.59,-0.02779
5.6,-0.034
5.61,-0.04012
5.62,-0.04613
5.63,-0.05195
5.64,-0.05759
5.65,-0.06297
5.66,-0.06807
5.67,-0.07286
5.68,-0.07727
5.69,-0.08132
5.7,-0.08489
5.71,-0.08803
5.72,-0.09066
5.73,-0.09275
5.74,-0.09432
5.75,-0.09524
5.76,-0.0956
5.77,-0.09529
5.78,-0.09433
5.79,-0.09271
5.8,-0.09037
5.81,-0.0874
5.82,-0.08364
5.83,-0.07926
5.84,-0.07417
5.85,-0.06841
5.86,-0.06205
5.87,-0.05504
5.88,-0.04752
5.89,-0.03943
5.9,-0.03092
5.91,-0.02201
5.92,-0.01279
5.93,-0.00334
5.94,0.00627
5.95,0.01591
5.96,0.02551
5.97,0.03497
5.98,0.04416
5.99,0.05299
6,0.06139
6.01,0.06916
6.02,0.07632
6.03,0.08268
6.04,0.08822
6.05,0.09285
6.06,0.09643
6.07,0.09907
6.08,0.10049
6.09,0.10089
6.1,0.1001
6.11,0.09819
6.12,0.0952
6.13,0.09104
6.14,0.08593
6.15,0.07975
6.16,0.07271
6.17,0.06484
6.18,0.05622
6.19,0.04703
6.2,0.03729
6.21,0.0272
6.22,0.01684
6.23,0.00636
6.24,-0.00411
6.25,-0.01445
6.26,-0.02456
6.27,-0.03425
6.28,-0.04349
6.29,-0.05214
6.3,-0.06011
6.31,-0.06738
6.32,-0.07377
6.33,-0.0794
6.34,-0.08405
6.35,-0.08785
6.36,-0.09073
6.37,-0.09271
6.38,-0.09386
6.39,-0.09411
6.4,-0.09365
6.41,-0.09242
6.42,-0.09057
6.43,-0.08816
6.44,-0.08525
6.45,-0.08197
6.46,-0.07836
6.47,-0.07455
6.48,-0.07061
6.49,-0.06664
6.5,-0.06271
6.51,-0.05892
6.52,-0.05529
6.53,-0.05196
6.54,-0.04891
6.55,-0.04622
6.56,-0.04392
6.57,-0.04201
6.58,-0.04057
6.59,-0.03954
6.6,-0.03897
6.61,-0.03881
6.62,-0.03905
6.63,-0.0397
6.64,-0.04067
6.65,-0.042
6.66,-0.04358
6.67,-0.04541
6.68,-0.04744
6.69,-0.04961
6.7,-0.0519
6.71,-0.05423
6.72,-0.05657
6.73,-0.05887
6.74,-0.0611
6.75,-0.06319
6.76,-0.06511
6.77,-0.06681
6.78,-0.06827
6.79,-0.06941
6.8,-0.07023
6.81,-0.07067
6.82,-0.07068
6.83,-0.07026
6.84,-0.0693
6.85,-0.06786
6.86,-0.06583
6.87,-0.0632
6.88,-0.05996
6.89,-0.05602
6.9,-0.05145
6.91,-0.0461
6.92,-0.04007
6.93,-0.03328
6.94,-0.02573
6.95,-0.01747
6.96,-0.00842
6.97,0.00129
6.98,0.01173
6.99,0.0228
7,0.03445
7.01,0.04667
7.02,0.0593
7.03,0.07234
7.04,0.08562
7.05,0.09908
7.06,0.11259
7.07,0.12602
7.08,0.13922
7.09,0.15211
7.1,0.16445
7.11,0.17621
7.12,0.18716
7.13,0.1972
7.14,0.20625
7.15,0.21404
7.16,0.22066
7.17,0.22579
7.18,0.22953
7.19,0.23171
7.2,0.23229
7.21,0.23136
7.22,0.22865
7.23,0.22448
7.24,0.21862
7.25,0.21131
7.26,0.20256
7.27,0.19242
7.28,0.18114
7.29,0.16863
7.3,0.15525
7.31,0.14103
7.32,0.12619
7.33,0.11091
7.34,0.09531
7.35,0.07961
7.36,0.06398
7.37,0.04857
7.38,0.03356
7.39,0.0191
7.4,0.00526
7.41,-0.00772
7.42,-0.01989
7.43,-0.03101
7.44,-0.04115
7.45,-0.0502
7.46,-0.05813
7.47,-0.06505
7.48,-0.07077
7.49,-0.07554
7.5,-0.07927
7.51,-0.08211
7.52,-0.08412
7.53,-0.08535
7.54,-0.08599
7.55,-0.08602
7.56,-0.08565
7.57,-0.08495
7.58,-0.08402
7.59,-0.08297
7.6,-0.08187
7.61,-0.08083
7.62,-0.07991
7.63,-0.07915
7.64,-0.07862
7.65,-0.07835
7.66,-0.07833
7.67,-0.07861
7.68,-0.07914
7.69,-0.07992
7.7,-0.08091
7.71,-0.08204
7.72,-0.08331
7.73,-0.08461
7.74,-0.08589
7.75,-0.0871
7.76,-0.08815
7.77,-0.08897
7.78,-0.08952
7.79,-0.0897
7.8,-0.0895
7.81,-0.08881
7.82,-0.08766
7.83,-0.08598
7.84,-0.08374
7.85,-0.08099
7.86,-0.07764
7.87,-0.07379
7.88,-0.06939
7.89,-0.06452
7.9,-0.0592
7.91,-0.05346
7.92,-0.0474
7.93,-0.041
7.94,-0.0344
7.95,-0.02762
7.96,-0.02072
7.97,-0.0138
7.98,-0.00689
7.99,-6.61E-05
8,0.00661
8.01,0.01309
8.02,0.01932
8.03,0.02525
8.04,0.03088
8.05,0.0361
8.06,0.04094
8.07,0.04534
8.08,0.0493
8.09,0.0528
8.1,0.05581
8.11,0.05838
8.12,0.0604
8.13,0.06197
8.14,0.06304
8.15,0.06363
8.16,0.06375
8.17,0.06337
8.18,0.06257
8.19,0.06129
8.2,0.0596
8.21,0.05748
8.22,0.05496
8.23,0.05208
8.24,0.04883
8.25,0.04527
8.26,0.04141
8.27,0.0373
8.28,0.03297
8.29,0.02846
8.3,0.02383
8.31,0.01911
8.32,0.01437
8.33,0.00966
8.34,0.00504
8.35,5.52E-04
8.36,-0.00373
8.37,-0.00776
8.38,-0.01145
8.39,-0.01481
8.4,-0.01774
8.41,-0.02021
8.42,-0.02223
8.43,-0.02367
8.44,-0.02463
8.45,-0.02501
8.46,-0.02487
8.47,-0.0242
8.48,-0.02302
8.49,-0.02138
8.5,-0.01928
8.51,-0.01684
8.52,-0.01406
8.53,-0.01106
8.54,-0.0079
8.55,-0.00465
8.56,-0.0014
8.57,0.00173
8.58,0.00472
8.59,0.00742
8.6,0.00979
8.61,0.01177
8.62,0.01324
8.63,0.01424
8.64,0.01463
8.65,0.01447
8.66,0.01369
8.67,0.01231
8.68,0.01039
8.69,0.00788
8.7,0.0049
8.71,0.00146
8.72,-0.00233
8.73,-0.0064
8.74,-0.01069
8.75,-0.01506
8.76,-0.01942
8.77,-0.02368
8.78,-0.02772
8.79,-0.03147
8.8,-0.03482
8.81,-0.03767
8.82,-0.04002
8.83,-0.04169
8.84,-0.04275
8.85,-0.04312
8.86,-0.04279
8.87,-0.04181
8.88,-0.04012
8.89,-0.03785
8.9,-0.03497
8.91,-0.03163
8.92,-0.02788
8.93,-0.0238
8.94,-0.01953
8.95,-0.01515
8.96,-0.01079
8.97,-0.00656
8.98,-0.00257
8.99,0.00108
9,0.00426
9.01,0.00695
9.02,0.00898
9.03,0.01039
9.04,0.01107
9.05,0.011
9.06,0.01024
9.07,0.00869
9.08,0.0065
9.09,0.00361
9.1,1.69E-04
9.11,-0.00378
9.12,-0.00815
9.13,-0.01281
9.14,-0.01769
9.15,-0.02264
9.16,-0.02755
9.17,-0.03231
9.18,-0.03682
9.19,-0.04093
9.2,-0.04462
9.21,-0.04769
9.22,-0.05019
9.23,-0.05199
9.24,-0.05307
9.25,-0.05345
9.26,-0.05303
9.27,-0.05196
9.28,-0.05013
9.29,-0.0477
9.3,-0.04468
9.31,-0.04114
9.32,-0.0372
9.33,-0.0329
9.34,-0.02839
9.35,-0.02373
9.36,-0.01904
9.37,-0.01439
9.38,-0.00989
9.39,-0.00558
9.4,-0.00159
9.41,0.0021
9.42,0.00541
9.43,0.00833
9.44,0.01089
9.45,0.01303
9.46,0.01486
9.47,0.01635
9.48,0.01761
9.49,0.01869
9.5,0.01968
9.51,0.02065
9.52,0.02172
9.53,0.02293
9.54,0.02444
9.55,0.02629
9.56,0.02857
9.57,0.03137
9.58,0.03469
9.59,0.03868
9.6,0.04326
9.61,0.0485
9.62,0.05435
9.63,0.06079
9.64,0.0678
9.65,0.07526
9.66,0.08314
9.67,0.09129
9.68,0.09961
9.69,0.10797
9.7,0.11625
9.71,0.12426
9.72,0.13191
9.73,0.139
9.74,0.14542
9.75,0.15104
9.76,0.15569
9.77,0.15936
9.78,0.16176
9.79,0.16303
9.8,0.16295
9.81,0.16156
9.82,0.15887
9.83,0.15476
9.84,0.14944
9.85,0.14272
9.86,0.13489
9.87,0.12592
9.88,0.11594
9.89,0.10512
9.9,0.09347
9.91,0.08126
9.92,0.06854
9.93,0.0555
9.94,0.04229
9.95,0.02905
9.96,0.01591
9.97,0.00304
9.98,-0.00951
9.99,-0.02154
10,-0.03301
10.01,-0.04385
10.02,-0.05392
10.03,-0.06329
10.04,-0.07175
10.05,-0.07945
10.06,-0.08628
10.07,-0.09228
10.08,-0.0975
10.09,-0.10187
10.1,-0.10556
10.11,-0.10848
10.12,-0.11077
10.13,-0.11245
10.14,-0.11354
10.15,-0.11416
10.16,-0.11426
10.17,-0.11397
10.18,-0.11327
10.19,-0.11222
10.2,-0.11083
10.21,-0.10911
10.22,-0.10711
10.23,-0.10478
10.24,-0.10218
10.25,-0.09926
10.26,-0.09603
10.27,-0.0925
10.28,-0.08862
10.29,-0.08444
10.3,-0.07989
10.31,-0.07501
10.32,-0.0698
10.33,-0.06426
10.34,-0.05842
10.35,-0.05227
10.36,-0.0459
10.37,-0.0393
10.38,-0.03254
10.39,-0.02568
10.4,-0.01877
10.41,-0.0119
10.42,-0.00513
10.43,0.00147
10.44,0.0078
10.45,0.01378
10.46,0.01937
10.47,0.02442
10.48,0.02896
10.49,0.0328
10.5,0.036
10.51,0.03846
10.52,0.04014
10.53,0.04108
10.54,0.04115
10.55,0.0405
10.56,0.03901
10.57,0.0368
10.58,0.03389
10.59,0.0303
10.6,0.02616
10.61,0.02144
10.62,0.01632
10.63,0.01083
10.64,0.00507
10.65,-8.52E-04
10.66,-0.00686
10.67,-0.01287
10.68,-0.01878
10.69,-0.02453
10.7,-0.03001
10.71,-0.03518
10.72,-0.03999
10.73,-0.04435
10.74,-0.04829
10.75,-0.0517
10.76,-0.05464
10.77,-0.05705
10.78,-0.05895
10.79,-0.06039
10.8,-0.06131
10.81,-0.06182
10.82,-0.0619
10.83,-0.06161
10.84,-0.06099
10.85,-0.06007
10.86,-0.05892
10.87,-0.05753
10.88,-0.05599
10.89,-0.05432
10.9,-0.05254
10.91,-0.05068
10.92,-0.04877
10.93,-0.04681
10.94,-0.04483
10.95,-0.04282
10.96,-0.04078
10.97,-0.0387
10.98,-0.03658
10.99,-0.03441
11,-0.03216
11.01,-0.02982
11.02,-0.02738
11.03,-0.02484
11.04,-0.02215
11.05,-0.01934
11.06,-0.01637
11.07,-0.01327
11.08,-0.01002
11.09,-0.00665
11.1,-0.00318
11.11,3.92E-04
11.12,0.00402
11.13,0.00767
11.14,0.01133
11.15,0.01492
11.16,0.01843
11.17,0.0218
11.18,0.02498
11.19,0.02793
11.2,0.0306
11.21,0.03296
11.22,0.03497
11.23,0.03658
11.24,0.03782
11.25,0.03857
11.26,0.03892
11.27,0.0388
11.28,0.03824
11.29,0.03727
11.3,0.03587
11.31,0.03413
11.32,0.032
11.33,0.0296
11.34,0.02694
11.35,0.02409
11.36,0.0211
11.37,0.01803
11.38,0.01495
11.39,0.01191
11.4,0.00898
11.41,0.00622
11.42,0.00369
11.43,0.00141
11.44,-5.10E-04
11.45,-0.0021
11.46,-0.00328
11.47,-0.00403
11.48,-0.00438
11.49,-0.00423
11.5,-0.00368
11.51,-0.00263
11.52,-0.00117
11.53,7.22E-04
11.54,0.00301
11.55,0.00565
11.56,0.00864
11.57,0.0119
11.58,0.01544
11.59,0.01918
11.6,0.02309
11.61,0.02711
11.62,0.03122
11.63,0.03535
11.64,0.03948
11.65,0.04355
11.66,0.04754
11.67,0.05141
11.68,0.05512
11.69,0.05865
11.7,0.06196
11.71,0.06505
11.72,0.06787
11.73,0.07043
11.74,0.07271
11.75,0.07468
11.76,0.07638
11.77,0.07772
11.78,0.07878
11.79,0.0795
11.8,0.07989
11.81,0.07998
11.82,0.0797
11.83,0.07912
11.84,0.07821
11.85,0.07698
11.86,0.07543
11.87,0.07356
11.88,0.07141
11.89,0.06893
11.9,0.06618
11.91,0.06316
11.92,0.05989
11.93,0.05637
11.94,0.05263
11.95,0.0487
11.96,0.04459
11.97,0.04035
11.98,0.03599
11.99,0.03154
12,0.02704
12.01,0.02254
12.02,0.01805
12.03,0.01362
12.04,0.00929
12.05,0.00508
12.06,0.00105
12.07,-0.0028
12.08,-0.0064
12.09,-0.00975
12.1,-0.01281
12.11,-0.01557
12.12,-0.01801
12.13,-0.02008
12.14,-0.02183
12.15,-0.0232
12.16,-0.02424
12.17,-0.02491
12.18,-0.02525
12.19,-0.02527
12.2,-0.02496
12.21,-0.02438
12.22,-0.02352
12.23,-0.02244
12.24,-0.02115
12.25,-0.01969
12.26,-0.0181
12.27,-0.01639
12.28,-0.01462
12.29,-0.01282
12.3,-0.01101
12.31,-0.00925
12.32,-0.00754
12.33,-0.00592
12.34,-0.00444
12.35,-0.00308
12.36,-0.00189
12.37,-8.83E-04
12.38,-6.72E-05
12.39,5.28E-04
12.4,9.29E-04
12.41,0.00108
12.42,0.00103
12.43,7.54E-04
12.44,2.50E-04
12.45,-4.52E-04
12.46,-0.00139
12.47,-0.00249
12.48,-0.0038
12.49,-0.00528
12.5,-0.00691
12.51,-0.00869
12.52,-0.01058
12.53,-0.01258
12.54,-0.01468
12.55,-0.01683
12.56,-0.01904
12.57,-0.02127
12.58,-0.0235
12.59,-0.02571
12.6,-0.02789
12.61,-0.03
12.62,-0.03204
12.63,-0.03397
12.64,-0.03579
12.65,-0.03745
12.66,-0.03896
12.67,-0.04029
12.68,-0.04143
12.69,-0.04237
12.7,-0.04309
12.71,-0.0436
12.72,-0.04386
12.73,-0.0439
12.74,-0.04369
12.75,-0.04327
12.76,-0.04263
12.77,-0.04176
12.78,-0.04071
12.79,-0.03947
12.8,-0.03808
12.81,-0.03655
12.82,-0.0349
12.83,-0.03318
12.84,-0.0314
12.85,-0.0296
12.86,-0.02782
12.87,-0.02608
12.88,-0.02442
12.89,-0.02287
12.9,-0.02145
12.91,-0.02022
12.92,-0.01917
12.93,-0.01835
12.94,-0.01775
12.95,-0.0174
12.96,-0.01733
12.97,-0.01751
12.98,-0.01797
12.99,-0.01869
13,-0.01968
13.01,-0.0209
13.02,-0.02234
13.03,-0.02401
13.04,-0.02584
13.05,-0.02782
13.06,-0.02992
13.07,-0.03211
13.08,-0.03435
13.09,-0.03662
13.1,-0.03885
13.11,-0.04104
13.12,-0.04313
13.13,-0.04511
13.14,-0.04694
13.15,-0.04858
13.16,-0.05004
13.17,-0.05126
13.18,-0.05225
13.19,-0.05299
13.2,-0.05346
13.21,-0.05367
13.22,-0.05359
13.23,-0.05326
13.24,-0.05264
13.25,-0.05177
13.26,-0.05065
13.27,-0.04928
13.28,-0.04769
13.29,-0.04585
13.3,-0.04383
13.31,-0.04161
13.32,-0.03922
13.33,-0.03666
13.34,-0.03394
13.35,-0.0311
13.36,-0.02812
13.37,-0.02504
13.38,-0.02185
13.39,-0.01856
13.4,-0.0152
13.41,-0.01176
13.42,-0.00828
13.43,-0.00473
13.44,-0.00116
13.45,0.00244
13.46,0.00605
13.47,0.00964
13.48,0.01321
13.49,0.01674
13.5,0.02021
13.51,0.02358
13.52,0.02685
13.53,0.02997
13.54,0.03294
13.55,0.03572
13.56,0.03829
13.57,0.0406
13.58,0.04266
13.59,0.04444
13.6,0.0459
13.61,0.04705
13.62,0.04784
13.63,0.0483
13.64,0.04841
13.65,0.04815
13.66,0.04757
13.67,0.04662
13.68,0.04538
13.69,0.04383
13.7,0.04203
13.71,0.04
13.72,0.03777
13.73,0.0354
13.74,0.03293
13.75,0.03041
13.76,0.02791
13.77,0.02546
13.78,0.02313
13.79,0.02098
13.8,0.01903
13.81,0.01738
13.82,0.01602
13.83,0.01504
13.84,0.01444
13.85,0.01425
13.86,0.01453
13.87,0.01523
13.88,0.01641
13.89,0.01803
13.9,0.02009
13.91,0.02258
13.92,0.02545
13.93,0.0287
13.94,0.03226
13.95,0.03608
13.96,0.04012
13.97,0.04433
13.98,0.04863
13.99,0.05298
14,0.0573
14.01,0.06154
14.02,0.06564
14.03,0.06954
14.04,0.07319
14.05,0.07653
14.06,0.07954
14.07,0.08215
14.08,0.08437
14.09,0.08614
14.1,0.08745
14.11,0.08833
14.12,0.0887
14.13,0.08865
14.14,0.08812
14.15,0.08717
14.16,0.08582
14.17,0.08405
14.18,0.08196
14.19,0.0795
14.2,0.07678
14.21,0.07379
14.22,0.07057
14.23,0.06717
14.24,0.06362
14.25,0.05995
14.26,0.05618
14.27,0.05235
14.28,0.04847
14.29,0.04458
14.3,0.04068
14.31,0.03679
14.32,0.03291
14.33,0.02907
14.34,0.02525
14.35,0.02146
14.36,0.0177
14.37,0.01396
14.38,0.01025
14.39,0.00655
14.4,0.00287
14.41,-8.21E-04
14.42,-0.0045
14.43,-0.00819
14.44,-0.01187
14.45,-0.01557
14.46,-0.01927
14.47,-0.02297
14.48,-0.02667
14.49,-0.03037
14.5,-0.03404
14.51,-0.03768
14.52,-0.04129
14.53,-0.04484
14.54,-0.04833
14.55,-0.05173
14.56,-0.05505
14.57,-0.05825
14.58,-0.06133
14.59,-0.06426
14.6,-0.06704
14.61,-0.06966
14.62,-0.07209
14.63,-0.07435
14.64,-0.07641
14.65,-0.07826
14.66,-0.0799
14.67,-0.08132
14.68,-0.08254
14.69,-0.08352
14.7,-0.08428
14.71,-0.08482
14.72,-0.08513
14.73,-0.08521
14.74,-0.08506
14.75,-0.0847
14.76,-0.08409
14.77,-0.08328
14.78,-0.08221
14.79,-0.08094
14.8,-0.07944
14.81,-0.0777
14.82,-0.07576
14.83,-0.07357
14.84,-0.07118
14.85,-0.06856
14.86,-0.06573
14.87,-0.06271
14.88,-0.05948
14.89,-0.05608
14.9,-0.05248
14.91,-0.04875
14.92,-0.04488
14.93,-0.04089
14.94,-0.03682
14.95,-0.03267
14.96,-0.0285
14.97,-0.02432
14.98,-0.02017
14.99,-0.01609
15,-0.01211
15.01,-0.00826
15.02,-0.00461
15.03,-0.00114
15.04,0.00208
15.05,0.00502
15.06,0.00767
15.07,0.00997
15.08,0.01196
15.09,0.01354
15.1,0.01478
15.11,0.01563
15.12,0.01609
15.13,0.01619
15.14,0.0159
15.15,0.01528
15.16,0.01432
15.17,0.01307
15.18,0.01157
15.19,0.00982
15.2,0.00791
15.21,0.00583
15.22,0.00367
15.23,0.00146
15.24,-7.41E-04
15.25,-0.0029
15.26,-0.00496
15.27,-0.00688
15.28,-0.00861
15.29,-0.01014
15.3,-0.0114
15.31,-0.01238
15.32,-0.01306
15.33,-0.01339
15.34,-0.01341
15.35,-0.01307
15.36,-0.01241
15.37,-0.01141
15.38,-0.01007
15.39,-0.00846
15.4,-0.00654
15.41,-0.00438
15.42,-0.002
15.43,5.64E-04
15.44,0.00328
15.45,0.00609
15.46,0.00898
15.47,0.01191
15.48,0.01482
15.49,0.01769
15.5,0.02047
15.51,0.02314
15.52,0.02566
15.53,0.02801
15.54,0.03016
15.55,0.0321
15.56,0.03382
15.57,0.03529
15.58,0.03654
15.59,0.03751
15.6,0.03827
15.61,0.03878
15.62,0.03905
15.63,0.03912
15.64,0.03897
15.65,0.03865
15.66,0.03814
15.67,0.03748
15.68,0.03669
15.69,0.03577
15.7,0.03476
15.71,0.03366
15.72,0.03249
15.73,0.03126
15.74,0.02999
15.75,0.02869
15.76,0.02736
15.77,0.02602
15.78,0.02466
15.79,0.0233
15.8,0.02192
15.81,0.02055
15.82,0.01917
15.83,0.01778
15.84,0.01639
15.85,0.01498
15.86,0.01356
15.87,0.01212
15.88,0.01067
15.89,0.00921
15.9,0.00772
15.91,0.00623
15.92,0.00471
15.93,0.00319
15.94,0.00167
15.95,1.36E-04
15.96,-0.00139
15.97,-0.00288
15.98,-0.00435
15.99,-0.00579
16,-0.00717
16.01,-0.0085
16.02,-0.00974
16.03,-0.0109
16.04,-0.01194
16.05,-0.01288
16.06,-0.01368
16.07,-0.01433
16.08,-0.01484
16.09,-0.01516
16.1,-0.01533
16.11,-0.01527
16.12,-0.01504
16.13,-0.0146
16.14,-0.01394
16.15,-0.01309
16.16,-0.012
16.17,-0.01071
16.18,-0.0092
16.19,-0.0075
16.2,-0.00558
16.21,-0.00348
16.22,-0.00121
16.23,0.00125
16.24,0.00386
16.25,0.0066
16.26,0.00946
16.27,0.01241
16.28,0.01543
16.29,0.01852
16.3,0.02163
16.31,0.02474
16.32,0.02783
16.33,0.03088
16.34,0.03384
16.35,0.0367
16.36,0.03944
16.37,0.04201
16.38,0.04441
16.39,0.04661
16.4,0.04856
16.41,0.05031
16.42,0.05175
16.43,0.05294
16.44,0.05382
16.45,0.05441
16.46,0.0547
16.47,0.05466
16.48,0.05434
16.49,0.05368
16.5,0.05273
16.51,0.05149
16.52,0.04997
16.53,0.04819
16.54,0.04616
16.55,0.04391
16.56,0.04145
16.57,0.03881
16.58,0.03603
16.59,0.03311
16.6,0.03009
16.61,0.027
16.62,0.02386
16.63,0.02069
16.64,0.01753
16.65,0.01438
16.66,0.01128
16.67,0.00822
16.68,0.00526
16.69,0.00237
16.7,-4.20E-04
16.71,-0.00311
16.72,-0.0057
16.73,-0.00817
16.74,-0.01055
16.75,-0.01282
16.76,-0.01499
16.77,-0.01708
16.78,-0.0191
16.79,-0.02104
16.8,-0.02293
16.81,-0.02477
16.82,-0.02658
16.83,-0.02836
16.84,-0.03013
16.85,-0.03188
16.86,-0.03363
16.87,-0.03539
16.88,-0.03716
16.89,-0.03892
16.9,-0.0407
16.91,-0.04247
16.92,-0.04424
16.93,-0.04599
16.94,-0.04771
16.95,-0.04939
16.96,-0.05103
16.97,-0.05259
16.98,-0.05409
16.99,-0.05548
17,-0.05677
17.01,-0.05793
17.02,-0.05896
17.03,-0.05985
17.04,-0.06057
17.05,-0.06115
17.06,-0.06153
17.07,-0.06176
17.08,-0.06182
17.09,-0.0617
17.1,-0.06143
17.11,-0.06099
17.12,-0.06042
17.13,-0.0597
17.14,-0.05887
17.15,-0.05794
17.16,-0.05691
17.17,-0.05582
17.18,-0.05467
17.19,-0.05348
17.2,-0.05228
17.21,-0.05107
17.22,-0.04987
17.23,-0.04869
17.24,-0.04753
17.25,-0.04643
17.26,-0.04536
17.27,-0.04434
17.28,-0.04335
17.29,-0.04241
17.3,-0.0415
17.31,-0.04062
17.32,-0.03974
17.33,-0.03887
17.34,-0.03797
17.35,-0.03704
17.36,-0.03607
17.37,-0.03501
17.38,-0.03388
17.39,-0.03263
17.4,-0.03127
17.41,-0.02977
17.42,-0.02812
17.43,-0.02632
17.44,-0.02434
17.45,-0.0222
17.46,-0.01989
17.47,-0.01741
17.48,-0.01477
17.49,-0.01197
17.5,-0.00904
17.51,-0.00597
17.52,-0.00281
17.53,4.39E-04
17.54,0.00375
17.55,0.00709
17.56,0.01044
17.57,0.01377
17.58,0.01705
17.59,0.02025
17.6,0.02335
17.61,0.02632
17.62,0.02915
17.63,0.03178
17.64,0.03425
17.65,0.03648
17.66,0.03851
17.67,0.0403
17.68,0.04185
17.69,0.04318
17.7,0.04424
17.71,0.0451
17.72,0.04572
17.73,0.04614
17.74,0.04637
17.75,0.0464
17.76,0.0463
17.77,0.04604
17.78,0.04568
17.79,0.04521
17.8,0.04469
17.81,0.0441
17.82,0.0435
17.83,0.04289
17.84,0.0423
17.85,0.04173
17.86,0.04121
17.87,0.04074
17.88,0.04034
17.89,0.04002
17.9,0.03976
17.91,0.03958
17.92,0.03947
17.93,0.03942
17.94,0.03943
17.95,0.03948
17.96,0.03957
17.97,0.03967
17.98,0.03978
17.99,0.03987
18,0.03992
18.01,0.03993
18.02,0.03987
18.03,0.03972
18.04,0.03947
18.05,0.03912
18.06,0.03864
18.07,0.03802
18.08,0.03726
18.09,0.03637
18.1,0.03531
18.11,0.03411
18.12,0.03277
18.13,0.0313
18.14,0.02969
18.15,0.02796
18.16,0.02615
18.17,0.02423
18.18,0.02225
18.19,0.02022
18.2,0.01816
18.21,0.01609
18.22,0.01402
18.23,0.01198
18.24,0.00999
18.25,0.00807
18.26,0.00623
18.27,0.0045
18.28,0.00287
18.29,0.00138
18.3,1.95E-05
18.31,-0.0012
18.32,-0.00227
18.33,-0.00321
18.34,-0.00398
18.35,-0.00462
18.36,-0.00512
18.37,-0.00549
18.38,-0.00575
18.39,-0.00589
18.4,-0.00595
18.41,-0.00592
18.42,-0.00583
18.43,-0.0057
18.44,-0.00554
18.45,-0.00535
18.46,-0.00517
18.47,-0.005
18.48,-0.00486
18.49,-0.00476
18.5,-0.00469
18.51,-0.00468
18.52,-0.00472
18.53,-0.00482
18.54,-0.00499
18.55,-0.0052
18.56,-0.00548
18.57,-0.00579
18.58,-0.00615
18.59,-0.00653
18.6,-0.00692
18.61,-0.00733
18.62,-0.00771
18.63,-0.00807
18.64,-0.00839
18.65,-0.00866
18.66,-0.00886
18.67,-0.00898
18.68,-0.009
18.69,-0.00893
18.7,-0.00874
18.71,-0.00846
18.72,-0.00804
18.73,-0.00751
18.74,-0.00687
18.75,-0.00613
18.76,-0.00527
18.77,-0.00433
18.78,-0.00331
18.79,-0.00223
18.8,-0.00111
18.81,4.87E-05
18.82,0.00122
18.83,0.00236
18.84,0.00348
18.85,0.00455
18.86,0.00552
18.87,0.00641
18.88,0.00719
18.89,0.00783
18.9,0.00833
18.91,0.00865
18.92,0.00881
18.93,0.00878
18.94,0.00857
18.95,0.00818
18.96,0.00758
18.97,0.00682
18.98,0.00586
18.99,0.00476
19,0.00348
19.01,0.00208
19.02,5.55E-04
19.03,-0.00108
19.04,-0.00279
19.05,-0.00456
19.06,-0.00637
19.07,-0.00819
19.08,-0.01001
19.09,-0.01179
19.1,-0.01352
19.11,-0.01519
19.12,-0.01676
19.13,-0.01823
19.14,-0.01959
19.15,-0.02081
19.16,-0.0219
19.17,-0.02284
19.18,-0.02364
19.19,-0.0243
19.2,-0.02481
19.21,-0.02518
19.22,-0.02542
19.23,-0.02554
19.24,-0.02555
19.25,-0.02546
19.26,-0.02528
19.27,-0.02502
19.28,-0.02472
19.29,-0.02437
19.3,-0.02399
19.31,-0.0236
19.32,-0.02322
19.33,-0.02285
19.34,-0.02249
19.35,-0.02216
19.36,-0.02189
19.37,-0.02165
19.38,-0.02145
19.39,-0.0213
19.4,-0.0212
19.41,-0.02115
19.42,-0.02113
19.43,-0.02116
19.44,-0.0212
19.45,-0.02127
19.46,-0.02134
19.47,-0.02141
19.48,-0.02145
19.49,-0.02148
19.5,-0.02148
19.51,-0.02142
19.52,-0.02131
19.53,-0.02114
19.54,-0.0209
19.55,-0.02057
19.56,-0.02017
19.57,-0.01967
19.58,-0.01909
19.59,-0.01842
19.6,-0.01766
19.61,-0.01683
19.62,-0.01591
19.63,-0.01492
19.64,-0.01386
19.65,-0.01275
19.66,-0.01159
19.67,-0.0104
19.68,-0.00918
19.69,-0.00795
19.7,-0.0067
19.71,-0.00547
19.72,-0.00425
19.73,-0.00306
19.74,-0.0019
19.75,-7.82E-04
19.76,2.80E-04
19.77,0.00129
19.78,0.00225
19.79,0.00313
19.8,0.00397
19.81,0.00472
19.82,0.00542
19.83,0.00606
19.84,0.00663
19.85,0.00716
19.86,0.00763
19.87,0.00805
19.88,0.00844
19.89,0.0088
19.9,0.00912
19.91,0.00942
19.92,0.0097
19.93,0.00997
19.94,0.01022
19.95,0.01047
19.96,0.01072
19.97,0.01096
19.98,0.0112
19.99,0.01144
20,0.01168
20.01,0.0119
20.02,0.01212
20.03,0.01233
20.04,0.01252
20.05,0.01269
20.06,0.01284
20.07,0.01295
20.08,0.01303
20.09,0.01306
20.1,0.01306
20.11,0.013
20.12,0.01289
20.13,0.01274
20.14,0.01252
20.15,0.01226
20.16,0.01194
20.17,0.01157
20.18,0.01115
20.19,0.01069
20.2,0.01021
20.21,0.00968
20.22,0.00915
20.23,0.00859
20.24,0.00804
20.25,0.00749
20.26,0.00696
20.27,0.00646
20.28,0.00599
20.29,0.00558
20.3,0.00521
20.31,0.00491
20.32,0.00467
20.33,0.00451
20.34,0.00443
20.35,0.00442
20.36,0.00451
20.37,0.00465
20.38,0.00489
20.39,0.00519
20.4,0.00556
20.41,0.00599
20.42,0.00647
20.43,0.00698
20.44,0.00753
20.45,0.00809
20.46,0.00865
20.47,0.00922
20.48,0.00976
20.49,0.01027
20.5,0.01073
20.51,0.01115
20.52,0.01151
20.53,0.0118
20.54,0.01202
20.55,0.01216
20.56,0.01223
20.57,0.01221
20.58,0.01211
20.59,0.01193
20.6,0.01169
20.61,0.01139
20.62,0.01103
20.63,0.01063
20.64,0.01018
20.65,0.00973
20.66,0.00925
20.67,0.00877
20.68,0.00832
20.69,0.00788
20.7,0.00748
20.71,0.00712
20.72,0.00682
20.73,0.00657
20.74,0.0064
20.75,0.00628
20.76,0.00624
20.77,0.00627
20.78,0.00636
20.79,0.00651
20.8,0.00672
20.81,0.00699
20.82,0.00728
20.83,0.0076
20.84,0.00794
20.85,0.00828
20.86,0.00861
20.87,0.00892
20.88,0.0092
20.89,0.00944
20.9,0.00962
20.91,0.00973
20.92,0.00978
20.93,0.00975
20.94,0.00965
20.95,0.00946
20.96,0.00919
20.97,0.00884
20.98,0.00843
20.99,0.00795
21,0.00742
21.01,0.00685
21.02,0.00623
21.03,0.0056
21.04,0.00496
21.05,0.00433
21.06,0.00371
21.07,0.00314
21.08,0.0026
21.09,0.00213
21.1,0.00172
21.11,0.00139
21.12,0.00114
21.13,9.68E-04
21.14,8.91E-04
21.15,8.91E-04
21.16,9.76E-04
21.17,0.00114
21.18,0.00136
21.19,0.00164
21.2,0.00197
21.21,0.00232
21.22,0.0027
21.23,0.00307
21.24,0.00342
21.25,0.00375
21.26,0.00402
21.27,0.00423
21.28,0.00434
21.29,0.00438
21.3,0.00431
21.31,0.00413
21.32,0.00383
21.33,0.00339
21.34,0.00284
21.35,0.00216
21.36,0.00136
21.37,4.43E-04
21.38,-5.86E-04
21.39,-0.0017
21.4,-0.00292
21.41,-0.00421
21.42,-0.00554
21.43,-0.00693
21.44,-0.00834
21.45,-0.00977
21.46,-0.01118
21.47,-0.01258
21.48,-0.01394
21.49,-0.01526
21.5,-0.01651
21.51,-0.0177
21.52,-0.01882
21.53,-0.01986
21.54,-0.02081
21.55,-0.02168
21.56,-0.02247
21.57,-0.02318
21.58,-0.02381
21.59,-0.02437
21.6,-0.02487
21.61,-0.02532
21.62,-0.02572
21.63,-0.02608
21.64,-0.0264
21.65,-0.0267
21.66,-0.02699
21.67,-0.02726
21.68,-0.02752
21.69,-0.02778
21.7,-0.02803
21.71,-0.02827
21.72,-0.0285
21.73,-0.02872
21.74,-0.02891
21.75,-0.02907
21.76,-0.0292
21.77,-0.02927
21.78,-0.02927
21.79,-0.02921
21.8,-0.02906
21.81,-0.02882
21.82,-0.02846
21.83,-0.02798
21.84,-0.02738
21.85,-0.02664
21.86,-0.02576
21.87,-0.02474
21.88,-0.02356
21.89,-0.02225
21.9,-0.02079
21.91,-0.0192
21.92,-0.01746
21.93,-0.01562
21.94,-0.01367
21.95,-0.01162
21.96,-0.00949
21.97,-0.00731
21.98,-0.00507
21.99,-0.00281
22,-5.37E-04
22.01,0.00173
22.02,0.00397
22.03,0.00618
22.04,0.00833
22.05,0.01042
22.06,0.01241
22.07,0.01433
22.08,0.01615
22.09,0.01785
22.1,0.01945
22.11,0.02093
22.12,0.02231
22.13,0.02357
22.14,0.0247
22.15,0.02574
22.16,0.02666
22.17,0.02749
22.18,0.02821
22.19,0.02885
22.2,0.02939
22.21,0.02985
22.22,0.03023
22.23,0.03051
22.24,0.03074
22.25,0.03088
22.26,0.03095
22.27,0.03095
22.28,0.03088
22.29,0.03073
22.3,0.03049
22.31,0.03017
22.32,0.02977
22.33,0.02927
22.34,0.02869
22.35,0.02801
22.36,0.02724
22.37,0.02636
22.38,0.02539
22.39,0.02432
22.4,0.02315
22.41,0.02189
22.42,0.02054
22.43,0.01911
22.44,0.0176
22.45,0.01603
22.46,0.0144
22.47,0.01272
22.48,0.01102
22.49,0.00929
22.5,0.00754
22.51,0.00579
22.52,0.00406
22.53,0.00235
22.54,6.71E-04
22.55,-9.68E-04
22.56,-0.00255
22.57,-0.00407
22.58,-0.00554
22.59,-0.00693
22.6,-0.00826
22.61,-0.00951
22.62,-0.0107
22.63,-0.01181
22.64,-0.01286
22.65,-0.01384
22.66,-0.01476
22.67,-0.01563
22.68,-0.01643
22.69,-0.0172
22.7,-0.01791
22.71,-0.01859
22.72,-0.01922
22.73,-0.01981
22.74,-0.02036
22.75,-0.02086
22.76,-0.02131
22.77,-0.02172
22.78,-0.02206
22.79,-0.02233
22.8,-0.02253
22.81,-0.02264
22.82,-0.02266
22.83,-0.02257
22.84,-0.02237
22.85,-0.02205
22.86,-0.0216
22.87,-0.021
22.88,-0.02027
22.89,-0.01938
22.9,-0.01835
22.91,-0.01717
22.92,-0.01584
22.93,-0.01438
22.94,-0.01279
22.95,-0.01109
22.96,-0.00929
22.97,-0.0074
22.98,-0.00544
22.99,-0.00344
23,-0.00142
23.01,6.02E-04
23.02,0.0026
23.03,0.00455
23.04,0.00644
23.05,0.00825
23.06,0.00993
23.07,0.0115
23.08,0.01293
23.09,0.0142
23.1,0.01533
23.11,0.01628
23.12,0.01708
23.13,0.0177
23.14,0.01818
23.15,0.01851
23.16,0.01871
23.17,0.0188
23.18,0.01877
23.19,0.01869
23.2,0.01853
23.21,0.01835
23.22,0.01815
23.23,0.01797
23.24,0.0178
23.25,0.0177
23.26,0.01764
23.27,0.01768
23.28,0.0178
23.29,0.01801
23.3,0.01832
23.31,0.01873
23.32,0.01924
23.33,0.01982
23.34,0.02047
23.35,0.02117
23.36,0.02191
23.37,0.02266
23.38,0.0234
23.39,0.02409
23.4,0.02473
23.41,0.02527
23.42,0.0257
23.43,0.02599
23.44,0.0261
23.45,0.02605
23.46,0.02579
23.47,0.02532
23.48,0.02463
23.49,0.02372
23.5,0.02261
23.51,0.02124
23.52,0.01969
23.53,0.01794
23.54,0.01602
23.55,0.01396
23.56,0.01176
23.57,0.00947
23.58,0.00711
23.59,0.00471
23.6,0.00231
23.61,-6.53E-05
23.62,-0.00239
23.63,-0.00462
23.64,-0.00675
23.65,-0.00874
23.66,-0.01057
23.67,-0.01224
23.68,-0.01373
23.69,-0.01504
23.7,-0.01615
23.71,-0.01708
23.72,-0.01784
23.73,-0.01842
23.74,-0.01887
23.75,-0.01918
23.76,-0.01938
23.77,-0.01948
23.78,-0.01953
23.79,-0.01954
23.8,-0.01955
23.81,-0.01956
23.82,-0.01962
23.83,-0.01973
23.84,-0.01993
23.85,-0.02023
23.86,-0.02062
23.87,-0.02114
23.88,-0.02178
23.89,-0.02254
23.9,-0.02341
23.91,-0.02439
23.92,-0.02547
23.93,-0.02663
23.94,-0.02786
23.95,-0.02912
23.96,-0.0304
23.97,-0.03167
23.98,-0.03292
23.99,-0.03411
24,-0.03521
24.01,-0.0362
24.02,-0.03709
24.03,-0.03781
24.04,-0.03837
24.05,-0.03876
24.06,-0.03895
24.07,-0.03897
24.08,-0.03877
24.09,-0.03839
24.1,-0.0378
24.11,-0.03703
24.12,-0.0361
24.13,-0.035
24.14,-0.03376
24.15,-0.03237
24.16,-0.03088
24.17,-0.02931
24.18,-0.02766
24.19,-0.02596
24.2,-0.02422
24.21,-0.02247
24.22,-0.02072
24.23,-0.01897
24.24,-0.01725
24.25,-0.01557
24.26,-0.01392
24.27,-0.01232
24.28,-0.01076
24.29,-0.00925
24.3,-0.00777
24.31,-0.00633
24.32,-0.00493
24.33,-0.00355
24.34,-0.00219
24.35,-8.44E-04
24.36,4.95E-04
24.37,0.00184
24.38,0.00319
24.39,0.00456
24.4,0.00594
24.41,0.00733
24.42,0.00874
24.43,0.01016
24.44,0.01159
24.45,0.01302
24.46,0.01444
24.47,0.01584
24.48,0.0172
24.49,0.01852
24.5,0.01979
24.51,0.02099
24.52,0.02211
24.53,0.02312
24.54,0.02404
24.55,0.02484
24.56,0.0255
24.57,0.02604
24.58,0.02645
24.59,0.02673
24.6,0.02686
24.61,0.02687
24.62,0.02676
24.63,0.02652
24.64,0.0262
24.65,0.02578
24.66,0.02529
24.67,0.02474
24.68,0.02416
24.69,0.02356
24.7,0.02295
24.71,0.02236
24.72,0.0218
24.73,0.02128
24.74,0.02083
24.75,0.02045
24.76,0.02014
24.77,0.01993
24.78,0.01979
24.79,0.01976
24.8,0.0198
24.81,0.01993
24.82,0.02012
24.83,0.02037
24.84,0.02067
24.85,0.021
24.86,0.02134
24.87,0.02167
24.88,0.02198
24.89,0.02225
24.9,0.02247
24.91,0.0226
24.92,0.02264
24.93,0.02258
24.94,0.0224
24.95,0.02211
24.96,0.02168
24.97,0.02112
24.98,0.02041
24.99,0.01959
25,0.01865
25.01,0.01759
25.02,0.01643
25.03,0.01517
25.04,0.01385
25.05,0.01248
25.06,0.01107
25.07,0.00963
25.08,0.00822
25.09,0.00682
25.1,0.00546
25.11,0.00416
25.12,0.00294
25.13,0.0018
25.14,7.71E-04
25.15,-1.48E-04
25.16,-9.60E-04
25.17,-0.00164
25.18,-0.00221
25.19,-0.00266
25.2,-0.00299
25.21,-0.00322
25.22,-0.00335
25.23,-0.00339
25.24,-0.00335
25.25,-0.00327
25.26,-0.00313
25.27,-0.00296
25.28,-0.00277
25.29,-0.00259
25.3,-0.00241
25.31,-0.00225
25.32,-0.00214
25.33,-0.00206
25.34,-0.00204
25.35,-0.00206
25.36,-0.00215
25.37,-0.00229
25.38,-0.00249
25.39,-0.00274
25.4,-0.00303
25.41,-0.00336
25.42,-0.00372
25.43,-0.00409
25.44,-0.00446
25.45,-0.00482
25.46,-0.00517
25.47,-0.00548
25.48,-0.00574
25.49,-0.00595
25.5,-0.00609
25.51,-0.00615
25.52,-0.00613
25.53,-0.00602
25.54,-0.00582
25.55,-0.00553
25.56,-0.00515
25.57,-0.00468
25.58,-0.00412
25.59,-0.00349
25.6,-0.00279
25.61,-0.00204
25.62,-0.00123
25.63,-3.97E-04
25.64,4.57E-04
25.65,0.00132
25.66,0.00217
25.67,0.00299
25.68,0.00379
25.69,0.00452
25.7,0.0052
25.71,0.00581
25.72,0.00633
25.73,0.00677
25.74,0.00709
25.75,0.00733
25.76,0.00746
25.77,0.00748
25.78,0.0074
25.79,0.00723
25.8,0.00695
25.81,0.00657
25.82,0.00612
25.83,0.00558
25.84,0.00498
25.85,0.00432
25.86,0.00361
25.87,0.00286
25.88,0.00208
25.89,0.00129
25.9,4.78E-04
25.91,-3.29E-04
25.92,-0.00113
25.93,-0.00191
25.94,-0.00269
25.95,-0.00343
25.96,-0.00415
25.97,-0.00484
25.98,-0.0055
25.99,-0.00614
26,-0.00675
26.01,-0.00734
26.02,-0.00792
26.03,-0.00849
26.04,-0.00906
26.05,-0.00963
26.06,-0.01021
26.07,-0.01083
26.08,-0.01146
26.09,-0.01214
26.1,-0.01286
26.11,-0.01363
26.12,-0.01447
26.13,-0.01536
26.14,-0.01632
26.15,-0.01735
26.16,-0.01844
26.17,-0.0196
26.18,-0.02082
26.19,-0.02211
26.2,-0.02344
26.21,-0.02481
26.22,-0.02621
26.23,-0.02763
26.24,-0.02905
26.25,-0.03045
26.26,-0.03182
26.27,-0.03315
26.28,-0.03439
26.29,-0.03555
26.3,-0.03661
26.31,-0.03753
26.32,-0.03831
26.33,-0.03892
26.34,-0.03936
26.35,-0.0396
26.36,-0.03962
26.37,-0.03945
26.38,-0.03903
26.39,-0.0384
26.4,-0.03752
26.41,-0.03643
26.42,-0.03511
26.43,-0.03357
26.44,-0.03184
26.45,-0.0299
26.46,-0.02781
26.47,-0.02555
26.48,-0.02317
26.49,-0.02069
26.5,-0.01811
26.51,-0.01549
26.52,-0.01284
26.53,-0.0102
26.54,-0.00758
26.55,-0.00503
26.56,-0.00255
26.57,-1.86E-04
26.58,0.00206
26.59,0.00414
26.6,0.00607
26.61,0.00782
26.62,0.00939
26.63,0.01076
26.64,0.01193
26.65,0.01292
26.66,0.01371
26.67,0.01432
26.68,0.01477
26.69,0.01505
26.7,0.0152
26.71,0.01522
26.72,0.01514
26.73,0.01499
26.74,0.01477
26.75,0.01451
26.76,0.01423
26.77,0.01396
26.78,0.01372
26.79,0.01351
26.8,0.01334
26.81,0.01324
26.82,0.01321
26.83,0.01327
26.84,0.0134
26.85,0.01361
26.86,0.01389
26.87,0.01423
26.88,0.01465
26.89,0.01511
26.9,0.0156
26.91,0.01612
26.92,0.01663
26.93,0.01714
26.94,0.01762
26.95,0.01805
26.96,0.01842
26.97,0.01873
26.98,0.01894
26.99,0.01907
27,0.01908
27.01,0.019
27.02,0.01881
27.03,0.01852
27.04,0.01812
27.05,0.01764
27.06,0.01707
27.07,0.01643
27.08,0.01574
27.09,0.01502
27.1,0.01427
27.11,0.01353
27.12,0.0128
27.13,0.01211
27.14,0.01148
27.15,0.01092
27.16,0.01045
27.17,0.01008
27.18,0.00983
27.19,0.0097
27.2,0.00968
27.21,0.0098
27.22,0.01004
27.23,0.0104
27.24,0.01087
27.25,0.01143
27.26,0.01209
27.27,0.0128
27.28,0.01358
27.29,0.01437
27.3,0.01519
27.31,0.01598
27.32,0.01674
27.33,0.01745
27.34,0.01808
27.35,0.01863
27.36,0.01906
27.37,0.01938
27.38,0.01956
27.39,0.01962
27.4,0.01952
27.41,0.01929
27.42,0.01891
27.43,0.01842
27.44,0.0178
27.45,0.01706
27.46,0.01624
27.47,0.01533
27.48,0.01437
27.49,0.01337
27.5,0.01234
27.51,0.01131
27.52,0.01032
27.53,0.00934
27.54,0.00843
27.55,0.00759
27.56,0.00682
27.57,0.00615
27.58,0.00557
27.59,0.0051
27.6,0.00472
27.61,0.00444
27.62,0.00425
27.63,0.00415
27.64,0.00412
27.65,0.00414
27.66,0.00422
27.67,0.00431
27.68,0.00442
27.69,0.00452
27.7,0.0046
27.71,0.00463
27.72,0.00461
27.73,0.00451
27.74,0.00433
27.75,0.00406
27.76,0.00369
27.77,0.00322
27.78,0.00265
27.79,0.00198
27.8,0.00122
27.81,3.64E-04
27.82,-5.59E-04
27.83,-0.00154
27.84,-0.00257
27.85,-0.00363
27.86,-0.00469
27.87,-0.00575
27.88,-0.00678
27.89,-0.00778
27.9,-0.0087
27.91,-0.00955
27.92,-0.0103
27.93,-0.01096
27.94,-0.01151
27.95,-0.01193
27.96,-0.01225
27.97,-0.01244
27.98,-0.01252
27.99,-0.01248
28,-0.01236
28.01,-0.01215
28.02,-0.01187
28.03,-0.01154
28.04,-0.01117
28.05,-0.01078
28.06,-0.01039
28.07,-0.01003
28.08,-0.00971
28.09,-0.00945
28.1,-0.00925
28.11,-0.00916
28.12,-0.00916
28.13,-0.00928
28.14,-0.0095
28.15,-0.00984
28.16,-0.0103
28.17,-0.01087
28.18,-0.01155
28.19,-0.01231
28.2,-0.01317
28.21,-0.01408
28.22,-0.01504
28.23,-0.01603
28.24,-0.01704
28.25,-0.01803
28.26,-0.01898
28.27,-0.01989
28.28,-0.02072
28.29,-0.02147
28.3,-0.0221
28.31,-0.02262
28.32,-0.02301
28.33,-0.02326
28.34,-0.02338
28.35,-0.02334
28.36,-0.02317
28.37,-0.02286
28.38,-0.02243
28.39,-0.02187
28.4,-0.02121
28.41,-0.02048
28.42,-0.01966
28.43,-0.0188
28.44,-0.01791
28.45,-0.017
28.46,-0.0161
28.47,-0.01523
28.48,-0.01441
28.49,-0.01365
28.5,-0.01296
28.51,-0.01237
28.52,-0.01186
28.53,-0.01146
28.54,-0.01117
28.55,-0.01097
28.56,-0.01088
28.57,-0.01088
28.58,-0.01097
28.59,-0.01113
28.6,-0.01135
28.61,-0.01162
28.62,-0.01191
28.63,-0.01221
28.64,-0.01249
28.65,-0.01275
28.66,-0.01295
28.67,-0.01308
28.68,-0.01313
28.69,-0.01308
28.7,-0.01291
28.71,-0.01262
28.72,-0.01219
28.73,-0.01162
28.74,-0.01091
28.75,-0.01005
28.76,-0.00906
28.77,-0.00794
28.78,-0.00668
28.79,-0.00532
28.8,-0.00385
28.81,-0.0023
28.82,-6.74E-04
28.83,9.99E-04
28.84,0.0027
28.85,0.00443
28.86,0.00614
28.87,0.00784
28.88,0.00949
28.89,0.01108
28.9,0.0126
28.91,0.01403
28.92,0.01537
28.93,0.01661
28.94,0.01772
28.95,0.01873
28.96,0.0196
28.97,0.02036
28.98,0.02101
28.99,0.02154
29,0.02196
29.01,0.02228
29.02,0.02251
29.03,0.02267
29.04,0.02275
29.05,0.02278
29.06,0.02275
29.07,0.0227
29.08,0.02262
29.09,0.02253
29.1,0.02243
29.11,0.02233
29.12,0.02225
29.13,0.02218
29.14,0.02213
29.15,0.0221
29.16,0.0221
29.17,0.02212
29.18,0.02215
29.19,0.0222
29.2,0.02226
29.21,0.02232
29.22,0.02237
29.23,0.02241
29.24,0.02243
29.25,0.02241
29.26,0.02236
29.27,0.02225
29.28,0.02209
29.29,0.02185
29.3,0.02154
29.31,0.02117
29.32,0.02069
29.33,0.02014
29.34,0.01948
29.35,0.01874
29.36,0.01791
29.37,0.01698
29.38,0.01597
29.39,0.01487
29.4,0.01371
29.41,0.01247
29.42,0.01117
29.43,0.00982
29.44,0.00843
29.45,0.00702
29.46,0.00558
29.47,0.00414
29.48,0.0027
29.49,0.00129
29.5,-1.06E-04
29.51,-0.00146
29.52,-0.00276
29.53,-0.004
29.54,-0.00517
29.55,-0.00628
29.56,-0.00729
29.57,-0.00822
29.58,-0.00905
29.59,-0.00979
29.6,-0.01042
29.61,-0.01096
29.62,-0.0114
29.63,-0.01172
29.64,-0.01197
29.65,-0.0121
29.66,-0.01214
29.67,-0.0121
29.68,-0.01197
29.69,-0.01178
29.7,-0.0115
29.71,-0.01117
29.72,-0.01076
29.73,-0.01032
29.74,-0.00983
29.75,-0.0093
29.76,-0.00874
29.77,-0.00817
29.78,-0.00757
29.79,-0.00697
29.8,-0.00637
29.81,-0.00577
29.82,-0.00518
29.83,-0.0046
29.84,-0.00405
29.85,-0.00352
29.86,-0.00301
29.87,-0.00255
29.88,-0.00211
29.89,-0.00172
29.9,-0.00136
29.91,-0.00105
29.92,-7.74E-04
29.93,-5.51E-04
29.94,-3.72E-04
29.95,-2.33E-04
29.96,-1.44E-04
29.97,-9.46E-05
29.98,-8.86E-05
29.99,-1.22E-04
30,-1.91E-04
30.01,-2.97E-04
30.02,-4.31E-04
30.03,-5.96E-04
30.04,-7.82E-04
30.05,-9.91E-04
30.06,-0.00121
30.07,-0.00144
30.08,-0.00167
30.09,-0.00191
30.1,-0.00214
30.11,-0.00235
30.12,-0.00256
30.13,-0.00273
30.14,-0.0029
30.15,-0.00302
30.16,-0.00311
30.17,-0.00318
30.18,-0.0032
30.19,-0.00318
30.2,-0.00313
30.21,-0.00304
30.22,-0.00291
30.23,-0.00275
30.24,-0.00256
30.25,-0.00234
30.26,-0.0021
30.27,-0.00185
30.28,-0.00159
30.29,-0.00133
30.3,-0.00109
30.31,-8.60E-04
30.32,-6.67E-04
30.33,-5.07E-04
30.34,-3.99E-04
30.35,-3.44E-04
30.36,-3.58E-04
30.37,-4.44E-04
30.38,-6.10E-04
30.39,-8.67E-04
30.4,-0.00121
30.41,-0.00166
30.42,-0.00219
30.43,-0.00283
30.44,-0.00356
30.45,-0.00438
30.46,-0.0053
30.47,-0.00629
30.48,-0.00735
30.49,-0.00847
30.5,-0.00964
30.51,-0.01085
30.52,-0.01208
30.53,-0.01331
30.54,-0.01454
30.55,-0.01574
30.56,-0.0169
30.57,-0.01799
30.58,-0.01901
30.59,-0.01995
30.6,-0.02077
30.61,-0.02149
30.62,-0.02208
30.63,-0.02253
30.64,-0.02285
30.65,-0.02301
30.66,-0.02303
30.67,-0.0229
30.68,-0.02263
30.69,-0.02221
30.7,-0.02166
30.71,-0.021
30.72,-0.0202
30.73,-0.01931
30.74,-0.01834
30.75,-0.01729
30.76,-0.01619
30.77,-0.01506
30.78,-0.01389
30.79,-0.01272
30.8,-0.01156
30.81,-0.01042
30.82,-0.00932
30.83,-0.00827
30.84,-0.00729
30.85,-0.00636
30.86,-0.00551
30.87,-0.00473
30.88,-0.00403
30.89,-0.00342
30.9,-0.00287
30.91,-0.0024
30.92,-0.00198
30.93,-0.00163
30.94,-0.00131
30.95,-0.00103
30.96,-7.65E-04
30.97,-5.08E-04
30.98,-2.46E-04
30.99,3.45E-05
31,3.48E-04
31.01,7.02E-04
31.02,0.00111
31.03,0.00158
31.04,0.00211
31.05,0.00273
31.06,0.00342
31.07,0.00419
31.08,0.00503
31.09,0.00595
31.1,0.00694
31.11,0.00798
31.12,0.00908
31.13,0.01021
31.14,0.01138
31.15,0.01255
31.16,0.01372
31.17,0.01487
31.18,0.01599
31.19,0.01706
31.2,0.01808
31.21,0.019
31.22,0.01985
31.23,0.0206
31.24,0.02122
31.25,0.02175
31.26,0.02214
31.27,0.0224
31.28,0.02256
31.29,0.02258
31.3,0.02249
31.31,0.02228
31.32,0.02198
31.33,0.02158
31.34,0.0211
31.35,0.02055
31.36,0.01995
31.37,0.01931
31.38,0.01866
31.39,0.01799
31.4,0.01734
31.41,0.0167
31.42,0.01612
31.43,0.01557
31.44,0.01509
31.45,0.01469
31.46,0.01436
31.47,0.01411
31.48,0.01396
31.49,0.01388
31.5,0.01389
31.51,0.01399
31.52,0.01416
31.53,0.0144
31.54,0.0147
31.55,0.01505
31.56,0.01543
31.57,0.01584
31.58,0.01627
31.59,0.0167
31.6,0.0171
31.61,0.01748
31.62,0.01781
31.63,0.01809
31.64,0.0183
31.65,0.01843
31.66,0.01849
31.67,0.01844
31.68,0.01831
31.69,0.01806
31.7,0.01772
31.71,0.01727
31.72,0.01672
31.73,0.01608
31.74,0.01533
31.75,0.0145
31.76,0.01358
31.77,0.01259
31.78,0.01154
31.79,0.01042
31.8,0.00926
31.81,0.00807
31.82,0.00685
31.83,0.00561
31.84,0.00435
31.85,0.00311
31.86,0.00187
31.87,6.38E-04
31.88,-5.66E-04
31.89,-0.00174
31.9,-0.00289
31.91,-0.004
31.92,-0.00507
31.93,-0.0061
31.94,-0.00709
31.95,-0.00804
31.96,-0.00894
31.97,-0.00981
31.98,-0.01063
31.99,-0.01141
32,-0.01214
32.01,-0.01285
32.02,-0.01351
32.03,-0.01413
32.04,-0.01471
32.05,-0.01526
32.06,-0.01577
32.07,-0.01623
32.08,-0.01667
32.09,-0.01705
32.1,-0.01739
32.11,-0.0177
32.12,-0.01796
32.13,-0.01817
32.14,-0.01833
32.15,-0.01845
32.16,-0.01851
32.17,-0.01852
32.18,-0.01847
32.19,-0.01837
32.2,-0.01823
32.21,-0.01803
32.22,-0.01778
32.23,-0.01749
32.24,-0.01715
32.25,-0.01677
32.26,-0.01636
32.27,-0.01592
32.28,-0.01546
32.29,-0.01497
32.3,-0.01447
32.31,-0.01397
32.32,-0.01346
32.33,-0.01296
32.34,-0.01247
32.35,-0.01199
32.36,-0.01153
32.37,-0.0111
32.38,-0.01068
32.39,-0.01029
32.4,-0.00994
32.41,-0.0096
32.42,-0.00929
32.43,-0.00901
32.44,-0.00875
32.45,-0.0085
32.46,-0.00826
32.47,-0.00803
32.48,-0.00781
32.49,-0.00757
32.5,-0.00732
32.51,-0.00705
32.52,-0.00675
32.53,-0.00643
32.54,-0.00607
32.55,-0.00568
32.56,-0.00524
32.57,-0.00475
32.58,-0.00423
32.59,-0.00366
32.6,-0.00304
32.61,-0.00239
32.62,-0.00171
32.63,-0.00101
32.64,-2.82E-04
32.65,4.47E-04
32.66,0.00118
32.67,0.00189
32.68,0.00258
32.69,0.00322
32.7,0.00383
32.71,0.00436
32.72,0.00482
32.73,0.0052
32.74,0.00549
32.75,0.00568
32.76,0.00575
32.77,0.00572
32.78,0.00555
32.79,0.00528
32.8,0.00489
32.81,0.0044
32.82,0.00379
32.83,0.00309
32.84,0.0023
32.85,0.00144
32.86,5.13E-04
32.87,-4.55E-04
32.88,-0.00146
32.89,-0.00246
32.9,-0.00346
32.91,-0.00445
32.92,-0.00537
32.93,-0.00625
32.94,-0.00706
32.95,-0.00776
32.96,-0.00838
32.97,-0.00887
32.98,-0.00925
32.99,-0.00949
33,-0.00962
33.01,-0.00961
33.02,-0.00947
33.03,-0.00922
33.04,-0.00885
33.05,-0.00838
33.06,-0.00781
33.07,-0.00717
33.08,-0.00647
33.09,-0.00573
33.1,-0.00496
33.11,-0.00419
33.12,-0.00343
33.13,-0.0027
33.14,-0.00201
33.15,-0.00137
33.16,-8.13E-04
33.17,-3.32E-04
33.18,5.50E-05
33.19,3.46E-04
33.2,5.44E-04
33.21,6.36E-04
33.22,6.41E-04
33.23,5.52E-04
33.24,3.87E-04
33.25,1.54E-04
33.26,-1.35E-04
33.27,-4.60E-04
33.28,-8.13E-04
33.29,-0.00116
33.3,-0.0015
33.31,-0.00181
33.32,-0.00207
33.33,-0.00226
33.34,-0.00238
33.35,-0.00239
33.36,-0.0023
33.37,-0.0021
33.38,-0.00178
33.39,-0.00135
33.4,-7.82E-04
33.41,-1.12E-04
33.42,6.72E-04
33.43,0.00155
33.44,0.00251
33.45,0.00353
33.46,0.0046
33.47,0.00571
33.48,0.00682
33.49,0.00791
33.5,0.00897
33.51,0.00997
33.52,0.0109
33.53,0.01173
33.54,0.01245
33.55,0.01305
33.56,0.01351
33.57,0.01382
33.58,0.014
33.59,0.01402
33.6,0.0139
33.61,0.01365
33.62,0.01327
33.63,0.01278
33.64,0.01219
33.65,0.01153
33.66,0.01081
33.67,0.01007
33.68,0.00931
33.69,0.00857
33.7,0.00786
33.71,0.00722
33.72,0.00665
33.73,0.00619
33.74,0.00583
33.75,0.0056
33.76,0.0055
33.77,0.00553
33.78,0.0057
33.79,0.006
33.8,0.00643
33.81,0.00696
33.82,0.00759
33.83,0.00829
33.84,0.00905
33.85,0.00984
33.86,0.01064
33.87,0.01141
33.88,0.01214
33.89,0.01279
33.9,0.01333
33.91,0.01376
33.92,0.01403
33.93,0.01415
33.94,0.01409
33.95,0.01384
33.96,0.01341
33.97,0.01278
33.98,0.01197
33.99,0.01097
34,0.00981
34.01,0.0085
34.02,0.00706
34.03,0.00553
34.04,0.00392
34.05,0.00226
34.06,5.93E-04
34.07,-0.00106
34.08,-0.00266
34.09,-0.00417
34.1,-0.00558
34.11,-0.00684
34.12,-0.00795
34.13,-0.00886
34.14,-0.00958
34.15,-0.01008
34.16,-0.01036
34.17,-0.01043
34.18,-0.01025
34.19,-0.00989
34.2,-0.00931
34.21,-0.00855
34.22,-0.00763
34.23,-0.00656
34.24,-0.00538
34.25,-0.00412
34.26,-0.0028
34.27,-0.00146
34.28,-1.34E-04
34.29,0.00116
34.3,0.00239
34.31,0.00352
34.32,0.00452
34.33,0.0054
34.34,0.00613
34.35,0.00667
34.36,0.00706
34.37,0.00724
34.38,0.00726
34.39,0.0071
34.4,0.00678
34.41,0.0063
34.42,0.00567
34.43,0.00494
34.44,0.00409
34.45,0.00318
34.46,0.0022
34.47,0.00119
34.48,1.73E-04
34.49,-8.29E-04
34.5,-0.0018
34.51,-0.00273
34.52,-0.00358
34.53,-0.00436
34.54,-0.00504
34.55,-0.00563
34.56,-0.00611
34.57,-0.00649
34.58,-0.00677
34.59,-0.00695
34.6,-0.00706
34.61,-0.00708
34.62,-0.00703
34.63,-0.00694
34.64,-0.0068
34.65,-0.00664
34.66,-0.00646
34.67,-0.00629
34.68,-0.00613
34.69,-0.00599
34.7,-0.0059
34.71,-0.00584
34.72,-0.00582
34.73,-0.00585
34.74,-0.00592
34.75,-0.00605
34.76,-0.0062
34.77,-0.0064
34.78,-0.00661
34.79,-0.00685
34.8,-0.00709
34.81,-0.00731
34.82,-0.00753
34.83,-0.00771
34.84,-0.00785
34.85,-0.00795
34.86,-0.008
34.87,-0.00798
34.88,-0.00789
34.89,-0.00774
34.9,-0.00753
34.91,-0.00725
34.92,-0.00691
34.93,-0.00652
34.94,-0.00608
34.95,-0.00561
34.96,-0.00512
34.97,-0.00462
34.98,-0.00412
34.99,-0.00364
35,-0.00318
35.01,-0.00276
35.02,-0.00239
35.03,-0.00208
35.04,-0.00183
35.05,-0.00163
35.06,-0.00152
35.07,-0.00147
35.08,-0.00149
35.09,-0.00156
35.1,-0.0017
35.11,-0.00187
35.12,-0.00208
35.13,-0.0023
35.14,-0.00253
35.15,-0.00276
35.16,-0.00297
35.17,-0.00314
35.18,-0.00326
35.19,-0.00333
35.2,-0.00333
35.21,-0.00326
35.22,-0.00311
35.23,-0.00287
35.24,-0.00256
35.25,-0.00216
35.26,-0.0017
35.27,-0.00118
35.28,-6.00E-04
35.29,1.38E-05
35.3,6.50E-04
35.31,0.00129
35.32,0.00192
35.33,0.00252
35.34,0.00307
35.35,0.00357
35.36,0.00398
35.37,0.00431
35.38,0.00453
35.39,0.00463
35.4,0.00462
35.41,0.00449
35.42,0.00424
35.43,0.00389
35.44,0.00342
35.45,0.00287
35.46,0.00223
35.47,0.00154
35.48,8.05E-04
35.49,4.38E-05
35.5,-7.13E-04
35.51,-0.00144
35.52,-0.00213
35.53,-0.00275
35.54,-0.00328
35.55,-0.0037
35.56,-0.004
35.57,-0.00417
35.58,-0.00419
35.59,-0.00407
35.6,-0.0038
35.61,-0.00338
35.62,-0.00283
35.63,-0.00215
35.64,-0.00136
35.65,-4.71E-04
35.66,4.84E-04
35.67,0.00149
35.68,0.00252
35.69,0.00354
35.7,0.00452
35.71,0.00546
35.72,0.00631
35.73,0.00706
35.74,0.00769
35.75,0.00817
35.76,0.0085
35.77,0.00866
35.78,0.00866
35.79,0.00848
35.8,0.00814
35.81,0.00764
35.82,0.007
35.83,0.00624
35.84,0.00537
35.85,0.00443
35.86,0.00343
35.87,0.00241
35.88,0.00139
35.89,4.07E-04
35.9,-5.19E-04
35.91,-0.00135
35.92,-0.00207
35.93,-0.00265
35.94,-0.00307
35.95,-0.00335
35.96,-0.00342
35.97,-0.00332
35.98,-0.00303
35.99,-0.00256
36,-0.00194
36.01,-0.00115
36.02,-2.27E-04
36.03,8.13E-04
36.04,0.00194
36.05,0.00313
36.06,0.00435
36.07,0.00557
36.08,0.00676
36.09,0.0079
36.1,0.00894
36.11,0.00987
36.12,0.01067
36.13,0.01131
36.14,0.01179
36.15,0.01207
36.16,0.01219
36.17,0.0121
36.18,0.01183
36.19,0.01138
36.2,0.01076
36.21,0.01001
36.22,0.00911
36.23,0.00811
36.24,0.00702
36.25,0.00587
36.26,0.0047
36.27,0.00352
36.28,0.00236
36.29,0.00125
36.3,1.98E-04
36.31,-7.63E-04
36.32,-0.00162
36.33,-0.00237
36.34,-0.00299
36.35,-0.00349
36.36,-0.00386
36.37,-0.00412
36.38,-0.00426
36.39,-0.00429
36.4,-0.00424
36.41,-0.00411
36.42,-0.00393
36.43,-0.00373
36.44,-0.0035
36.45,-0.00328
36.46,-0.0031
36.47,-0.00295
36.48,-0.00287
36.49,-0.00285
36.5,-0.00292
36.51,-0.00308
36.52,-0.00332
36.53,-0.00367
36.54,-0.00409
36.55,-0.00459
36.56,-0.00515
36.57,-0.00576
36.58,-0.0064
36.59,-0.00706
36.6,-0.00771
36.61,-0.00832
36.62,-0.00887
36.63,-0.00935
36.64,-0.00973
36.65,-0.00999
36.66,-0.01014
36.67,-0.01012
36.68,-0.00997
36.69,-0.00966
36.7,-0.00918
36.71,-0.00856
36.72,-0.00778
36.73,-0.00688
36.74,-0.00585
36.75,-0.00472
36.76,-0.00352
36.77,-0.00226
36.78,-9.76E-04
36.79,3.14E-04
36.8,0.00157
36.81,0.00278
36.82,0.00391
36.83,0.00493
36.84,0.00583
36.85,0.00661
36.86,0.00719
36.87,0.00764
36.88,0.0079
36.89,0.00798
36.9,0.00791
36.91,0.00765
36.92,0.00726
36.93,0.00672
36.94,0.00606
36.95,0.0053
36.96,0.00448
36.97,0.0036
36.98,0.0027
36.99,0.00179
37,9.14E-04
37.01,8.77E-05
37.02,-6.69E-04
37.03,-0.00133
37.04,-0.0019
37.05,-0.00233
37.06,-0.00266
37.07,-0.00284
37.08,-0.0029
37.09,-0.00285
37.1,-0.00267
37.11,-0.0024
37.12,-0.00204
37.13,-0.0016
37.14,-0.00112
37.15,-6.22E-04
37.16,-1.16E-04
37.17,3.69E-04
37.18,8.13E-04
37.19,0.00119
37.2,0.00149
37.21,0.00169
37.22,0.00177
37.23,0.00174
37.24,0.00157
37.25,0.00129
37.26,8.60E-04
37.27,3.15E-04
37.28,-3.37E-04
37.29,-0.00109
37.3,-0.00192
37.31,-0.00282
37.32,-0.00376
37.33,-0.00471
37.34,-0.00565
37.35,-0.00657
37.36,-0.00743
37.37,-0.00822
37.38,-0.0089
37.39,-0.00947
37.4,-0.00991
37.41,-0.01021
37.42,-0.01037
37.43,-0.01036
37.44,-0.01021
37.45,-0.00992
37.46,-0.00948
37.47,-0.00892
37.48,-0.00825
37.49,-0.00749
37.5,-0.00665
37.51,-0.00577
37.52,-0.00486
37.53,-0.00396
37.54,-0.00307
37.55,-0.00222
37.56,-0.00143
37.57,-7.39E-04
37.58,-1.36E-04
37.59,3.56E-04
37.6,7.27E-04
37.61,9.84E-04
37.62,0.0011
37.63,0.00111
37.64,9.91E-04
37.65,7.74E-04
37.66,4.70E-04
37.67,8.44E-05
37.68,-3.54E-04
37.69,-8.36E-04
37.7,-0.00132
37.71,-0.00181
37.72,-0.00228
37.73,-0.0027
37.74,-0.00304
37.75,-0.00331
37.76,-0.00348
37.77,-0.00355
37.78,-0.0035
37.79,-0.00333
37.8,-0.00305
37.81,-0.00265
37.82,-0.00215
37.83,-0.00154
37.84,-8.52E-04
37.85,-1.02E-04
37.86,7.01E-04
37.87,0.00153
37.88,0.00237
37.89,0.0032
37.9,0.00399
37.91,0.00472
37.92,0.0054
37.93,0.00597
37.94,0.00646
37.95,0.00682
37.96,0.00707
37.97,0.00719
37.98,0.0072
37.99,0.0071
38,0.00688
38.01,0.00657
38.02,0.00616
38.03,0.0057
38.04,0.0052
38.05,0.00465
38.06,0.00411
38.07,0.00359
38.08,0.00311
38.09,0.00268
38.1,0.00233
38.11,0.00208
38.12,0.00194
38.13,0.00191
38.14,0.00202
38.15,0.00225
38.16,0.00262
38.17,0.00311
38.18,0.00372
38.19,0.00444
38.2,0.00524
38.21,0.00612
38.22,0.00705
38.23,0.00802
38.24,0.00898
38.25,0.00994
38.26,0.01085
38.27,0.0117
38.28,0.01247
38.29,0.01313
38.3,0.01366
38.31,0.01406
38.32,0.01432
38.33,0.01441
38.34,0.01436
38.35,0.01414
38.36,0.01377
38.37,0.01327
38.38,0.01262
38.39,0.01186
38.4,0.01101
38.41,0.01008
38.42,0.00911
38.43,0.00809
38.44,0.00708
38.45,0.00609
38.46,0.00513
38.47,0.00423
38.48,0.00342
38.49,0.0027
38.5,0.0021
38.51,0.00161
38.52,0.00126
38.53,0.00104
38.54,9.45E-04
38.55,9.76E-04
38.56,0.00112
38.57,0.00138
38.58,0.00172
38.59,0.00214
38.6,0.00261
38.61,0.00311
38.62,0.00362
38.63,0.00413
38.64,0.00459
38.65,0.00502
38.66,0.00535
38.67,0.00561
38.68,0.00575
38.69,0.00579
38.7,0.00569
38.71,0.00546
38.72,0.0051
38.73,0.00462
38.74,0.004
38.75,0.00326
38.76,0.00242
38.77,0.00149
38.78,4.77E-04
38.79,-5.88E-04
38.8,-0.00169
38.81,-0.00281
38.82,-0.00393
38.83,-0.00503
38.84,-0.00608
38.85,-0.00706
38.86,-0.00798
38.87,-0.0088
38.88,-0.00952
38.89,-0.01012
38.9,-0.0106
38.91,-0.01097
38.92,-0.01121
38.93,-0.01133
38.94,-0.01134
38.95,-0.01124
38.96,-0.01105
38.97,-0.01077
38.98,-0.01042
38.99,-0.01003
39,-0.00959
39.01,-0.00913
39.02,-0.00866
39.03,-0.0082
39.04,-0.00776
39.05,-0.00736
39.06,-0.00699
39.07,-0.00668
39.08,-0.00644
39.09,-0.00626
39.1,-0.00614
39.11,-0.0061
39.12,-0.00613
39.13,-0.0062
39.14,-0.00634
39.15,-0.00653
39.16,-0.00676
39.17,-0.00702
39.18,-0.00729
39.19,-0.00757
39.2,-0.00785
39.21,-0.00812
39.22,-0.00837
39.23,-0.00858
39.24,-0.00875
39.25,-0.00888
39.26,-0.00895
39.27,-0.00897
39.28,-0.00892
39.29,-0.00881
39.3,-0.00865
39.31,-0.00843
39.32,-0.00815
39.33,-0.00783
39.34,-0.00747
39.35,-0.00706
39.36,-0.00663
39.37,-0.00618
39.38,-0.00571
39.39,-0.00523
39.4,-0.00476
39.41,-0.00428
39.42,-0.00383
39.43,-0.00338
39.44,-0.00296
39.45,-0.00256
39.46,-0.00219
39.47,-0.00185
39.48,-0.00154
39.49,-0.00126
39.5,-0.00101
39.51,-7.74E-04
39.52,-5.74E-04
39.53,-3.91E-04
39.54,-2.30E-04
39.55,-8.36E-05
39.56,4.74E-05
39.57,1.67E-04
39.58,2.76E-04
39.59,3.77E-04
39.6,4.72E-04
39.61,5.59E-04
39.62,6.40E-04
39.63,7.15E-04
39.64,7.82E-04
39.65,8.44E-04
39.66,8.91E-04
39.67,9.22E-04
39.68,9.45E-04
39.69,9.53E-04
39.7,9.37E-04
39.71,9.06E-04
39.72,8.52E-04
39.73,7.71E-04
39.74,6.71E-04
39.75,5.45E-04
39.76,3.97E-04
39.77,2.27E-04
39.78,3.54E-05
39.79,-1.73E-04
39.8,-3.98E-04
39.81,-6.35E-04
39.82,-8.83E-04
39.83,-0.00113
39.84,-0.00138
39.85,-0.00163
39.86,-0.00186
39.87,-0.00208
39.88,-0.00229
39.89,-0.00247
39.9,-0.00263
39.91,-0.00277
39.92,-0.00287
39.93,-0.00295
39.94,-0.003
39.95,-0.00301
39.96,-0.003
39.97,-0.00295
39.98,-0.00288
39.99,-0.00278
40,-0.00266
40.01,-0.00252
40.02,-0.00235
40.03,-0.00218
40.04,-0.002
40.05,-0.0018
40.06,-0.0016
40.07,-0.00139
40.08,-0.00118
40.09,-9.76E-04
40.1,-7.65E-04
40.11,-5.56E-04
40.12,-3.46E-04
40.13,-1.36E-04
40.14,7.51E-05
40.15,2.89E-04
40.16,5.06E-04
40.17,7.27E-04
40.18,9.53E-04
40.19,0.00119
40.2,0.00144
40.21,0.00169
40.22,0.00195
40.23,0.00223
40.24,0.00252
40.25,0.0028
40.26,0.00311
40.27,0.00341
40.28,0.00372
40.29,0.00402
40.3,0.00432
40.31,0.00461
40.32,0.00489
40.33,0.00516
40.34,0.0054
40.35,0.00562
40.36,0.00582
40.37,0.00599
40.38,0.00613
40.39,0.00623
40.4,0.00631
40.41,0.00636
40.42,0.00637
40.43,0.00637
40.44,0.00634
40.45,0.0063
40.46,0.00623
40.47,0.00617
40.48,0.00611
40.49,0.00606
40.5,0.00603
40.51,0.006
40.52,0.00602
40.53,0.00606
40.54,0.00615
40.55,0.00627
40.56,0.00645
40.57,0.00668
40.58,0.00695
40.59,0.00727
40.6,0.00764
40.61,0.00805
40.62,0.0085
40.63,0.00897
40.64,0.00946
40.65,0.00996
40.66,0.01045
40.67,0.01094
40.68,0.01141
40.69,0.01183
40.7,0.01221
40.71,0.01252
40.72,0.01277
40.73,0.01293
40.74,0.01301
40.75,0.01298
40.76,0.01286
40.77,0.01263
40.78,0.01229
40.79,0.01186
40.8,0.01131
40.81,0.01068
40.82,0.00995
40.83,0.00915
40.84,0.00828
40.85,0.00735
40.86,0.00639
40.87,0.0054
40.88,0.00439
40.89,0.0034
40.9,0.00242
40.91,0.00149
40.92,5.95E-04
40.93,-2.34E-04
40.94,-9.84E-04
40.95,-0.00166
40.96,-0.00223
40.97,-0.00271
40.98,-0.00309
40.99,-0.00337
41,-0.00355
41.01,-0.00363
41.02,-0.00363
41.03,-0.00355
41.04,-0.00339
41.05,-0.00318
41.06,-0.00292
41.07,-0.00263
41.08,-0.00232
41.09,-0.00199
41.1,-0.00168
41.11,-0.00139
41.12,-0.00114
41.13,-9.29E-04
41.14,-7.67E-04
41.15,-6.74E-04
41.16,-6.47E-04
41.17,-6.92E-04
41.18,-8.13E-04
41.19,-9.99E-04
41.2,-0.00127
41.21,-0.0016
41.22,-0.00198
41.23,-0.00242
41.24,-0.0029
41.25,-0.00342
41.26,-0.00395
41.27,-0.00449
41.28,-0.00503
41.29,-0.00554
41.3,-0.00603
41.31,-0.00649
41.32,-0.00689
41.33,-0.00724
41.34,-0.00752
41.35,-0.00774
41.36,-0.00788
41.37,-0.00795
41.38,-0.00794
41.39,-0.00786
41.4,-0.00772
41.41,-0.00751
41.42,-0.00725
41.43,-0.00695
41.44,-0.00661
41.45,-0.00624
41.46,-0.00586
41.47,-0.00548
41.48,-0.00512
41.49,-0.00476
41.5,-0.00445
41.51,-0.00417
41.52,-0.00393
41.53,-0.00376
41.54,-0.00364
41.55,-0.00359
41.56,-0.00362
41.57,-0.0037
41.58,-0.00386
41.59,-0.00408
41.6,-0.00437
41.61,-0.0047
41.62,-0.0051
41.63,-0.00553
41.64,-0.00599
41.65,-0.00648
41.66,-0.00699
41.67,-0.00749
41.68,-0.00799
41.69,-0.00848
41.7,-0.00894
41.71,-0.00936
41.72,-0.00974
41.73,-0.01008
41.74,-0.01035
41.75,-0.01056
41.76,-0.0107
41.77,-0.01078
41.78,-0.01078
41.79,-0.0107
41.8,-0.01056
41.81,-0.01034
41.82,-0.01005
41.83,-0.0097
41.84,-0.00927
41.85,-0.00879
41.86,-0.00825
41.87,-0.00765
41.88,-0.00702
41.89,-0.00634
41.9,-0.00563
41.91,-0.00489
41.92,-0.00413
41.93,-0.00335
41.94,-0.00256
41.95,-0.00177
41.96,-9.68E-04
41.97,-1.85E-04
41.98,5.89E-04
41.99,0.00135
42,0.00208
42.01,0.00279
42.02,0.00347
42.03,0.0041
42.04,0.0047
42.05,0.00525
42.06,0.00575
42.07,0.0062
42.08,0.0066
42.09,0.00693
42.1,0.0072
42.11,0.00741
42.12,0.00755
42.13,0.00763
42.14,0.00764
42.15,0.00759
42.16,0.00747
42.17,0.0073
42.18,0.00706
42.19,0.00677
42.2,0.00644
42.21,0.00606
42.22,0.00564
42.23,0.00519
42.24,0.00472
42.25,0.00423
42.26,0.00374
42.27,0.00324
42.28,0.00276
42.29,0.0023
42.3,0.00187
42.31,0.00146
42.32,0.00109
42.33,7.71E-04
42.34,5.03E-04
42.35,2.86E-04
42.36,1.30E-04
42.37,3.11E-05
42.38,-7.94E-06
42.39,1.34E-05
42.4,8.81E-05
42.41,2.22E-04
42.42,4.02E-04
42.43,6.29E-04
42.44,8.91E-04
42.45,0.00119
42.46,0.00151
42.47,0.00184
42.48,0.00219
42.49,0.00254
42.5,0.00287
42.51,0.0032
42.52,0.0035
42.53,0.00377
42.54,0.00401
42.55,0.00421
42.56,0.00437
42.57,0.00448
42.58,0.00455
42.59,0.00457
42.6,0.00455
42.61,0.00448
42.62,0.00438
42.63,0.00424
42.64,0.00407
42.65,0.00388
42.66,0.00368
42.67,0.00346
42.68,0.00324
42.69,0.00303
42.7,0.00282
42.71,0.00263
42.72,0.00247
42.73,0.00234
42.74,0.00224
42.75,0.00218
42.76,0.00215
42.77,0.00217
42.78,0.00223
42.79,0.00233
42.8,0.00246
42.81,0.00264
42.82,0.00284
42.83,0.00307
42.84,0.00332
42.85,0.00359
42.86,0.00387
42.87,0.00415
42.88,0.00442
42.89,0.00468
42.9,0.00492
42.91,0.00513
42.92,0.00531
42.93,0.00544
42.94,0.00554
42.95,0.00559
42.96,0.00558
42.97,0.00553
42.98,0.00541
42.99,0.00524
43,0.00502
43.01,0.00474
43.02,0.00441
43.03,0.00403
43.04,0.00361
43.05,0.00315
43.06,0.00266
43.07,0.00215
43.08,0.0016
43.09,0.00105
43.1,4.96E-04
43.11,-6.07E-05
43.12,-6.08E-04
43.13,-0.00114
43.14,-0.00165
43.15,-0.00214
43.16,-0.00259
43.17,-0.003
43.18,-0.00338
43.19,-0.00369
43.2,-0.00397
43.21,-0.0042
43.22,-0.00437
43.23,-0.00448
43.24,-0.00455
43.25,-0.00457
43.26,-0.00453
43.27,-0.00445
43.28,-0.00433
43.29,-0.00417
43.3,-0.00397
43.31,-0.00375
43.32,-0.00351
43.33,-0.00325
43.34,-0.003
43.35,-0.00273
43.36,-0.00248
43.37,-0.00224
43.38,-0.00201
43.39,-0.00183
43.4,-0.00167
43.41,-0.00155
43.42,-0.00148
43.43,-0.00146
43.44,-0.00149
43.45,-0.00159
43.46,-0.00173
43.47,-0.00194
43.48,-0.0022
43.49,-0.00252
43.5,-0.00289
43.51,-0.00331
43.52,-0.00377
43.53,-0.00427
43.54,-0.00479
43.55,-0.00533
43.56,-0.00589
43.57,-0.00644
43.58,-0.00698
43.59,-0.0075
43.6,-0.00799
43.61,-0.00844
43.62,-0.00884
43.63,-0.00917
43.64,-0.00943
43.65,-0.00963
43.66,-0.00973
43.67,-0.00975
43.68,-0.00968
43.69,-0.00952
43.7,-0.00926
43.71,-0.00891
43.72,-0.00848
43.73,-0.00797
43.74,-0.00739
43.75,-0.00674
43.76,-0.00603
43.77,-0.00528
43.78,-0.0045
43.79,-0.0037
43.8,-0.0029
43.81,-0.00211
43.82,-0.00132
43.83,-5.88E-04
43.84,1.08E-04
43.85,7.46E-04
43.86,0.00132
43.87,0.00181
43.88,0.00222
43.89,0.00256
43.9,0.00279
43.91,0.00294
43.92,0.003
43.93,0.00297
43.94,0.00286
43.95,0.00267
43.96,0.00242
43.97,0.00212
43.98,0.00177
43.99,0.00139
44,9.91E-04
44.01,5.87E-04
44.02,1.85E-04
44.03,-2.01E-04
44.04,-5.58E-04
44.05,-8.75E-04
44.06,-0.00115
44.07,-0.00136
44.08,-0.00151
44.09,-0.0016
44.1,-0.00161
44.11,-0.00156
44.12,-0.00144
44.13,-0.00127
44.14,-0.00103
44.15,-7.40E-04
44.16,-4.09E-04
44.17,-4.61E-05
44.18,3.39E-04
44.19,7.36E-04
44.2,0.00113
44.21,0.00152
44.22,0.00189
44.23,0.00222
44.24,0.00252
44.25,0.00277
44.26,0.00297
44.27,0.00311
44.28,0.0032
44.29,0.00322
44.3,0.00319
44.31,0.00311
44.32,0.00297
44.33,0.0028
44.34,0.00259
44.35,0.00235
44.36,0.0021
44.37,0.00185
44.38,0.00161
44.39,0.00138
44.4,0.00119
44.41,0.00103
44.42,9.29E-04
44.43,8.75E-04
44.44,8.91E-04
44.45,9.68E-04
44.46,0.00111
44.47,0.00132
44.48,0.00161
44.49,0.00195
44.5,0.00235
44.51,0.0028
44.52,0.00329
44.53,0.0038
44.54,0.00434
44.55,0.00488
44.56,0.00541
44.57,0.00592
44.58,0.00639
44.59,0.00682
44.6,0.00719
44.61,0.0075
44.62,0.00772
44.63,0.00788
44.64,0.00794
44.65,0.00792
44.66,0.00781
44.67,0.00763
44.68,0.00736
44.69,0.00702
44.7,0.00663
44.71,0.00618
44.72,0.00569
44.73,0.00518
44.74,0.00465
44.75,0.00414
44.76,0.00362
44.77,0.00315
44.78,0.00272
44.79,0.00234
44.8,0.00202
44.81,0.00178
44.82,0.00161
44.83,0.00153
44.84,0.00152
44.85,0.0016
44.86,0.00175
44.87,0.00197
44.88,0.00227
44.89,0.0026
44.9,0.00299
44.91,0.0034
44.92,0.00383
44.93,0.00424
44.94,0.00465
44.95,0.00503
44.96,0.00537
44.97,0.00565
44.98,0.00587
44.99,0.00601
45,0.00606
45.01,0.00604
45.02,0.00591
45.03,0.0057
45.04,0.0054
45.05,0.00501
45.06,0.00455
45.07,0.00402
45.08,0.00344
45.09,0.00281
45.1,0.00216
45.11,0.00149
45.12,8.29E-04
45.13,1.85E-04
45.14,-4.26E-04
45.15,-9.91E-04
45.16,-0.00149
45.17,-0.00192
45.18,-0.00227
45.19,-0.00253
45.2,-0.0027
45.21,-0.00276
45.22,-0.00274
45.23,-0.00262
45.24,-0.00241
45.25,-0.00212
45.26,-0.00177
45.27,-0.00136
45.28,-8.98E-04
45.29,-4.16E-04
45.3,7.99E-05
45.31,5.72E-04
45.32,0.00105
45.33,0.00148
45.34,0.00187
45.35,0.00218
45.36,0.00242
45.37,0.00258
45.38,0.00264
45.39,0.0026
45.4,0.00245
45.41,0.00221
45.42,0.00187
45.43,0.00142
45.44,8.98E-04
45.45,2.87E-04
45.46,-3.87E-04
45.47,-0.00112
45.48,-0.00189
45.49,-0.00269
45.5,-0.00349
45.51,-0.00429
45.52,-0.00506
45.53,-0.00581
45.54,-0.00651
45.55,-0.00713
45.56,-0.00769
45.57,-0.00818
45.58,-0.00857
45.59,-0.00888
45.6,-0.0091
45.61,-0.00922
45.62,-0.00927
45.63,-0.00923
45.64,-0.00912
45.65,-0.00894
45.66,-0.00872
45.67,-0.00845
45.68,-0.00815
45.69,-0.00783
45.7,-0.00751
45.71,-0.00719
45.72,-0.0069
45.73,-0.00663
45.74,-0.0064
45.75,-0.00621
45.76,-0.00608
45.77,-0.00599
45.78,-0.00597
45.79,-0.00599
45.8,-0.00608
45.81,-0.00621
45.82,-0.00639
45.83,-0.0066
45.84,-0.00684
45.85,-0.0071
45.86,-0.00736
45.87,-0.00763
45.88,-0.00788
45.89,-0.00811
45.9,-0.0083
45.91,-0.00846
45.92,-0.00856
45.93,-0.0086
45.94,-0.00858
45.95,-0.0085
45.96,-0.00835
45.97,-0.00812
45.98,-0.00785
45.99,-0.00749
46,-0.00708
46.01,-0.00661
46.02,-0.00611
46.03,-0.00556
46.04,-0.00499
46.05,-0.00439
46.06,-0.00379
46.07,-0.00318
46.08,-0.00259
46.09,-0.00201
46.1,-0.00146
46.11,-9.53E-04
46.12,-4.72E-04
46.13,-4.02E-05
46.14,3.47E-04
46.15,6.84E-04
46.16,9.68E-04
46.17,0.00122
46.18,0.0014
46.19,0.00155
46.2,0.00166
46.21,0.00173
46.22,0.00178
46.23,0.0018
46.24,0.00181
46.25,0.00181
46.26,0.0018
46.27,0.0018
46.28,0.0018
46.29,0.00182
46.3,0.00185
46.31,0.00191
46.32,0.00198
46.33,0.00208
46.34,0.00219
46.35,0.00233
46.36,0.00249
46.37,0.00267
46.38,0.00286
46.39,0.00307
46.4,0.00327
46.41,0.00348
46.42,0.00369
46.43,0.00389
46.44,0.00408
46.45,0.00425
46.46,0.00441
46.47,0.00455
46.48,0.00465
46.49,0.00474
46.5,0.0048
46.51,0.00483
46.52,0.00485
46.53,0.00483
46.54,0.00479
46.55,0.00473
46.56,0.00465
46.57,0.00457
46.58,0.00447
46.59,0.00435
46.6,0.00424
46.61,0.00412
46.62,0.004
46.63,0.00388
46.64,0.00377
46.65,0.00366
46.66,0.00356
46.67,0.00347
46.68,0.00338
46.69,0.0033
46.7,0.00322
46.71,0.00315
46.72,0.00309
46.73,0.00302
46.74,0.00296
46.75,0.00289
46.76,0.00282
46.77,0.00275
46.78,0.00267
46.79,0.00259
46.8,0.00251
46.81,0.00242
46.82,0.00233
46.83,0.00224
46.84,0.00214
46.85,0.00204
46.86,0.00195
46.87,0.00187
46.88,0.0018
46.89,0.00173
46.9,0.00167
46.91,0.00163
46.92,0.0016
46.93,0.0016
46.94,0.0016
46.95,0.00162
46.96,0.00166
46.97,0.00171
46.98,0.00177
46.99,0.00184
47,0.00192
47.01,0.00199
47.02,0.00207
47.03,0.00214
47.04,0.00219
47.05,0.00223
47.06,0.00225
47.07,0.00225
47.08,0.00221
47.09,0.00215
47.1,0.00205
47.11,0.00193
47.12,0.00177
47.13,0.00159
47.14,0.00138
47.15,0.00115
47.16,8.91E-04
47.17,6.29E-04
47.18,3.59E-04
47.19,9.11E-05
47.2,-1.66E-04
47.21,-4.06E-04
47.22,-6.17E-04
47.23,-7.98E-04
47.24,-9.29E-04
47.25,-0.00101
47.26,-0.00105
47.27,-0.00102
47.28,-9.29E-04
47.29,-7.69E-04
47.3,-5.44E-04
47.31,-2.58E-04
47.32,9.29E-05
47.33,4.95E-04
47.34,9.53E-04
47.35,0.00144
47.36,0.00197
47.37,0.00251
47.38,0.00306
47.39,0.0036
47.4,0.00413
47.41,0.00462
47.42,0.00506
47.43,0.00545
47.44,0.00576
47.45,0.00601
47.46,0.00615
47.47,0.0062
47.48,0.00615
47.49,0.006
47.5,0.00575
47.51,0.0054
47.52,0.00496
47.53,0.00441
47.54,0.00381
47.55,0.00314
47.56,0.00242
47.57,0.00166
47.58,8.75E-04
47.59,9.72E-05
47.6,-6.67E-04
47.61,-0.0014
47.62,-0.00208
47.63,-0.0027
47.64,-0.00324
47.65,-0.00369
47.66,-0.00405
47.67,-0.00429
47.68,-0.00441
47.69,-0.00443
47.7,-0.00433
47.71,-0.00412
47.72,-0.0038
47.73,-0.0034
47.74,-0.0029
47.75,-0.00235
47.76,-0.00173
47.77,-0.00108
47.78,-4.12E-04
47.79,2.54E-04
47.8,8.98E-04
47.81,0.00151
47.82,0.00206
47.83,0.00255
47.84,0.00294
47.85,0.00324
47.86,0.00343
47.87,0.00351
47.88,0.00347
47.89,0.00331
47.9,0.00304
47.91,0.00265
47.92,0.00216
47.93,0.00158
47.94,9.22E-04
47.95,1.95E-04
47.96,-5.80E-04
47.97,-0.00139
47.98,-0.0022
47.99,-0.003
48,-0.00379
48.01,-0.00454
48.02,-0.00523
48.03,-0.00584
48.04,-0.00637
48.05,-0.00681
48.06,-0.00714
48.07,-0.00737
48.08,-0.0075
48.09,-0.00752
48.1,-0.00743
48.11,-0.00726
48.12,-0.007
48.13,-0.00667
48.14,-0.00628
48.15,-0.00584
48.16,-0.00537
48.17,-0.00489
48.18,-0.00441
48.19,-0.00394
48.2,-0.00351
48.21,-0.00312
48.22,-0.00279
48.23,-0.00252
48.24,-0.00232
48.25,-0.00221
48.26,-0.00216
48.27,-0.0022
48.28,-0.0023
48.29,-0.00249
48.3,-0.00272
48.31,-0.003
48.32,-0.00331
48.33,-0.00365
48.34,-0.004
48.35,-0.00434
48.36,-0.00465
48.37,-0.00492
48.38,-0.00514
48.39,-0.0053
48.4,-0.00538
48.41,-0.00537
48.42,-0.00529
48.43,-0.0051
48.44,-0.00482
48.45,-0.00445
48.46,-0.00398
48.47,-0.00344
48.48,-0.00282
48.49,-0.00214
48.5,-0.00142
48.51,-6.59E-04
48.52,1.11E-04
48.53,8.75E-04
48.54,0.00163
48.55,0.00234
48.56,0.003
48.57,0.00359
48.58,0.0041
48.59,0.00452
48.6,0.00484
48.61,0.00506
48.62,0.00516
48.63,0.00516
48.64,0.00504
48.65,0.00482
48.66,0.00452
48.67,0.00413
48.68,0.00367
48.69,0.00315
48.7,0.00259
48.71,0.00202
48.72,0.00144
48.73,8.67E-04
48.74,3.30E-04
48.75,-1.63E-04
48.76,-5.94E-04
48.77,-9.53E-04
48.78,-0.00122
48.79,-0.0014
48.8,-0.00149
48.81,-0.00146
48.82,-0.00134
48.83,-0.00112
48.84,-8.05E-04
48.85,-4.10E-04
48.86,6.09E-05
48.87,5.86E-04
48.88,0.00115
48.89,0.00176
48.9,0.00236
48.91,0.00297
48.92,0.00355
48.93,0.00408
48.94,0.00457
48.95,0.00498
48.96,0.00531
48.97,0.00555
48.98,0.00569
48.99,0.00573
49,0.00565
49.01,0.00548
49.02,0.00521
49.03,0.00484
49.04,0.00439
49.05,0.00386
49.06,0.00327
49.07,0.00263
49.08,0.00197
49.09,0.00129
49.1,6.15E-04
49.11,-4.45E-05
49.12,-6.65E-04
49.13,-0.00124
49.14,-0.00175
49.15,-0.00219
49.16,-0.00255
49.17,-0.00282
49.18,-0.003
49.19,-0.00308
49.2,-0.00307
49.21,-0.00298
49.22,-0.00281
49.23,-0.00256
49.24,-0.00225
49.25,-0.0019
49.26,-0.0015
49.27,-0.00108
49.28,-6.61E-04
49.29,-2.42E-04
49.3,1.59E-04
49.31,5.24E-04
49.32,8.52E-04
49.33,0.00112
49.34,0.00132
49.35,0.00146
49.36,0.00153
49.37,0.00153
49.38,0.00145
49.39,0.00131
49.4,0.0011
49.41,8.36E-04
49.42,5.30E-04
49.43,1.86E-04
49.44,-1.78E-04
49.45,-5.54E-04
49.46,-9.29E-04
49.47,-0.00129
49.48,-0.00162
49.49,-0.00191
49.5,-0.00215
49.51,-0.00234
49.52,-0.00246
49.53,-0.00252
49.54,-0.0025
49.55,-0.00241
49.56,-0.00226
49.57,-0.00204
49.58,-0.00177
49.59,-0.00144
49.6,-0.00107
49.61,-6.79E-04
49.62,-2.70E-04
49.63,1.42E-04
49.64,5.43E-04
49.65,9.22E-04
49.66,0.00126
49.67,0.00156
49.68,0.0018
49.69,0.00198
49.7,0.00209
49.71,0.00211
49.72,0.00208
49.73,0.00195
49.74,0.00176
49.75,0.0015
49.76,0.00118
49.77,8.05E-04
49.78,3.94E-04
49.79,-4.40E-05
49.8,-4.96E-04
49.81,-9.45E-04
49.82,-0.00139
49.83,-0.00179
49.84,-0.00215
49.85,-0.00246
49.86,-0.00271
49.87,-0.00288
49.88,-0.00297
49.89,-0.00297
49.9,-0.00287
49.91,-0.0027
49.92,-0.00243
49.93,-0.00208
49.94,-0.00167
49.95,-0.00118
49.96,-6.52E-04
49.97,-8.21E-05
49.98,5.09E-04
49.99,0.00111
50,0.0017
50.01,0.00225
50.02,0.00277
50.03,0.00324
50.04,0.00362
50.05,0.00393
50.06,0.00415
50.07,0.00427
50.08,0.00428
50.09,0.00419
50.1,0.004
50.11,0.0037
50.12,0.00331
50.13,0.00284
50.14,0.00229
50.15,0.00169
50.16,0.00103
50.17,3.55E-04
50.18,-3.34E-04
50.19,-0.00101
50.2,-0.00167
50.21,-0.00228
50.22,-0.00284
50.23,-0.00332
50.24,-0.00372
50.25,-0.00403
50.26,-0.00422
50.27,-0.00432
50.28,-0.0043
50.29,-0.00417
50.3,-0.00394
50.31,-0.00361
50.32,-0.0032
50.33,-0.0027
50.34,-0.00215
50.35,-0.00156
50.36,-9.29E-04
50.37,-2.97E-04
50.38,3.27E-04
50.39,9.29E-04
50.4,0.00148
50.41,0.00197
50.42,0.00238
50.43,0.0027
50.44,0.00292
50.45,0.00303
50.46,0.00303
50.47,0.0029
50.48,0.00266
50.49,0.00232
50.5,0.00186
50.51,0.00132
50.52,6.83E-04
50.53,-9.78E-06
50.54,-7.55E-04
50.55,-0.00153
50.56,-0.00232
50.57,-0.00309
50.58,-0.00384
50.59,-0.00454
50.6,-0.00517
50.61,-0.00572
50.62,-0.00616
50.63,-0.00651
50.64,-0.00671
50.65,-0.00679
50.66,-0.00673
50.67,-0.00654
50.68,-0.00621
50.69,-0.00575
50.7,-0.00517
50.71,-0.00448
50.72,-0.00369
50.73,-0.00282
50.74,-0.00189
50.75,-9.14E-04
50.76,9.03E-05
50.77,0.0011
50.78,0.00208
50.79,0.00304
50.8,0.00393
50.81,0.00476
50.82,0.00549
50.83,0.00612
50.84,0.00664
50.85,0.00703
50.86,0.0073
50.87,0.00744
50.88,0.00744
50.89,0.00733
50.9,0.00708
50.91,0.00673
50.92,0.00627
50.93,0.00573
50.94,0.00512
50.95,0.00445
50.96,0.00373
50.97,0.003
50.98,0.00226
50.99,0.00154
51,8.44E-04
51.01,1.91E-04
51.02,-3.98E-04
51.03,-9.22E-04
51.04,-0.00136
51.05,-0.0017
51.06,-0.00196
51.07,-0.00211
51.08,-0.00218
51.09,-0.00214
51.1,-0.00201
51.11,-0.00178
51.12,-0.00149
51.13,-0.00112
51.14,-6.97E-04
51.15,-2.30E-04
51.16,2.73E-04
51.17,7.90E-04
51.18,0.00132
51.19,0.00183
51.2,0.00232
51.21,0.00278
51.22,0.0032
51.23,0.00355
51.24,0.00386
51.25,0.00408
51.26,0.00423
51.27,0.00431
51.28,0.00431
51.29,0.00423
51.3,0.00407
51.31,0.00386
51.32,0.00357
51.33,0.00322
51.34,0.00283
51.35,0.0024
51.36,0.00194
51.37,0.00146
51.38,9.76E-04
51.39,4.85E-04
51.4,1.07E-05
51.41,-4.44E-04
51.42,-8.67E-04
51.43,-0.00125
51.44,-0.00159
51.45,-0.00187
51.46,-0.00211
51.47,-0.00228
51.48,-0.00239
51.49,-0.00245
51.5,-0.00243
51.51,-0.00236
51.52,-0.00224
51.53,-0.00207
51.54,-0.00184
51.55,-0.00157
51.56,-0.00128
51.57,-9.53E-04
51.58,-6.06E-04
51.59,-2.49E-04
51.6,1.14E-04
51.61,4.73E-04
51.62,8.21E-04
51.63,0.00115
51.64,0.00146
51.65,0.00175
51.66,0.002
51.67,0.00221
51.68,0.00239
51.69,0.00252
51.7,0.0026
51.71,0.00265
51.72,0.00265
51.73,0.0026
51.74,0.00252
51.75,0.00239
51.76,0.00224
51.77,0.00205
51.78,0.00184
51.79,0.0016
51.8,0.00134
51.81,0.00108
51.82,7.98E-04
51.83,5.24E-04
51.84,2.51E-04
51.85,-1.24E-05
51.86,-2.64E-04
51.87,-4.96E-04
51.88,-7.08E-04
51.89,-8.98E-04
51.9,-0.00105
51.91,-0.00118
51.92,-0.00128
51.93,-0.00135
51.94,-0.00138
51.95,-0.00137
51.96,-0.00134
51.97,-0.00128
51.98,-0.00118
51.99,-0.00106
52,-9.22E-04
52.01,-7.60E-04
52.02,-5.84E-04
52.03,-3.97E-04
52.04,-2.03E-04
52.05,-7.71E-06
52.06,1.84E-04
52.07,3.70E-04
52.08,5.43E-04
52.09,6.99E-04
52.1,8.36E-04
52.11,9.45E-04
52.12,0.00104
52.13,0.00109
52.14,0.00112
52.15,0.00111
52.16,0.00107
52.17,9.91E-04
52.18,8.83E-04
52.19,7.42E-04
52.2,5.69E-04
52.21,3.69E-04
52.22,1.44E-04
52.23,-1.03E-04
52.24,-3.68E-04
52.25,-6.48E-04
52.26,-9.37E-04
52.27,-0.00123
52.28,-0.00153
52.29,-0.00182
52.3,-0.0021
52.31,-0.00238
52.32,-0.00263
52.33,-0.00287
52.34,-0.00309
52.35,-0.00328
52.36,-0.00345
52.37,-0.00359
52.38,-0.0037
52.39,-0.00379
52.4,-0.00385
52.41,-0.00388
52.42,-0.0039
52.43,-0.00389
52.44,-0.00386
52.45,-0.00381
52.46,-0.00376
52.47,-0.00369
52.48,-0.00362
52.49,-0.00354
52.5,-0.00346
52.51,-0.00339
52.52,-0.00332
52.53,-0.00326
52.54,-0.00321
52.55,-0.00317
52.56,-0.00314
52.57,-0.00312
52.58,-0.00311
52.59,-0.00312
52.6,-0.00314
52.61,-0.00317
52.62,-0.00321
52.63,-0.00324
52.64,-0.00329
52.65,-0.00335
52.66,-0.00339
52.67,-0.00344
52.68,-0.00348
52.69,-0.00352
52.7,-0.00355
52.71,-0.00356
52.72,-0.00357
52.73,-0.00356
52.74,-0.00355
52.75,-0.00352
52.76,-0.00348
52.77,-0.00342
52.78,-0.00336
52.79,-0.00329
52.8,-0.00321
52.81,-0.00312
52.82,-0.00302
52.83,-0.00293
52.84,-0.00282
52.85,-0.00272
52.86,-0.00261
52.87,-0.0025
52.88,-0.00239
52.89,-0.00228
52.9,-0.00218
52.91,-0.00208
52.92,-0.00197
52.93,-0.00186
52.94,-0.00174
52.95,-0.00163
52.96,-0.0015
52.97,-0.00137
52.98,-0.00123
52.99,-0.00108
53,-9.14E-04
53.01,-7.31E-04
53.02,-5.35E-04
53.03,-3.22E-04
53.04,-9.21E-05
53.05,1.54E-04
53.06,4.16E-04
53.07,6.92E-04
53.08,9.84E-04
53.09,0.00129
53.1,0.0016
53.11,0.00191
53.12,0.00222
53.13,0.00253
53.14,0.00284
53.15,0.00314
53.16,0.00342
53.17,0.00368
53.18,0.00391
53.19,0.00413
53.2,0.00431
53.21,0.00445
53.22,0.00456
53.23,0.00464
53.24,0.00468
53.25,0.00467
53.26,0.00464
53.27,0.00456
53.28,0.00445
53.29,0.00431
53.3,0.00414
53.31,0.00395
53.32,0.00373
53.33,0.0035
53.34,0.00327
53.35,0.00302
53.36,0.00277
53.37,0.00254
53.38,0.00231
53.39,0.00209
53.4,0.00189
53.41,0.00171
53.42,0.00156
53.43,0.00142
53.44,0.00132
53.45,0.00125
53.46,0.00119
53.47,0.00117
53.48,0.00117
53.49,0.00118
53.5,0.00122
53.51,0.00128
53.52,0.00134
53.53,0.00142
53.54,0.00149
53.55,0.00157
53.56,0.00165
53.57,0.00172
53.58,0.00178
53.59,0.00184
53.6,0.00187
53.61,0.00191
53.62,0.00191
53.63,0.00191
53.64,0.00191
53.65,0.00187
53.66,0.00184
53.67,0.0018
53.68,0.00176
53.69,0.0017
53.7,0.00166
53.71,0.00162
53.72,0.00158
53.73,0.00156
53.74,0.00154
53.75,0.00154
53.76,0.00156
53.77,0.0016
53.78,0.00164
53.79,0.00171
53.8,0.00179
53.81,0.00188
53.82,0.00199
53.83,0.0021
53.84,0.00221
53.85,0.00233
53.86,0.00244
53.87,0.00254
53.88,0.00263
53.89,0.0027
53.9,0.00274
53.91,0.00276
53.92,0.00276
53.93,0.00273
53.94,0.00266
53.95,0.00256
53.96,0.00242
53.97,0.00225
53.98,0.00205
53.99,0.00184
54,0.00159
54.01,0.00133
54.02,0.00105
54.03,7.74E-04
54.04,4.93E-04
54.05,2.19E-04
54.06,-4.33E-05
54.07,-2.86E-04
54.08,-5.03E-04
54.09,-6.92E-04
54.1,-8.44E-04
54.11,-9.53E-04
54.12,-0.00102
54.13,-0.00105
54.14,-0.00102
54.15,-9.53E-04
54.16,-8.44E-04
54.17,-6.91E-04
54.18,-5.01E-04
54.19,-2.76E-04
54.2,-2.41E-05
54.21,2.48E-04
54.22,5.36E-04
54.23,8.29E-04
54.24,0.00112
54.25,0.0014
54.26,0.00167
54.27,0.00191
54.28,0.00213
54.29,0.00231
54.3,0.00244
54.31,0.00253
54.32,0.00258
54.33,0.00258
54.34,0.00252
54.35,0.00243
54.36,0.00229
54.37,0.00211
54.38,0.0019
54.39,0.00166
54.4,0.00139
54.41,0.00111
54.42,8.21E-04
54.43,5.32E-04
54.44,2.51E-04
54.45,-1.32E-05
54.46,-2.55E-04
54.47,-4.70E-04
54.48,-6.48E-04
54.49,-7.90E-04
54.5,-8.91E-04
54.51,-9.53E-04
54.52,-9.68E-04
54.53,-9.45E-04
54.54,-8.83E-04
54.55,-7.82E-04
54.56,-6.54E-04
54.57,-5.01E-04
54.58,-3.31E-04
54.59,-1.52E-04
54.6,2.87E-05
54.61,2.03E-04
54.62,3.61E-04
54.63,4.97E-04
54.64,6.02E-04
54.65,6.69E-04
54.66,6.96E-04
54.67,6.70E-04
54.68,5.98E-04
54.69,4.69E-04
54.7,2.88E-04
54.71,5.44E-05
54.72,-2.31E-04
54.73,-5.59E-04
54.74,-9.29E-04
54.75,-0.00134
54.76,-0.00177
54.77,-0.00222
54.78,-0.00268
54.79,-0.00314
54.8,-0.00359
54.81,-0.00402
54.82,-0.00441
54.83,-0.00478
54.84,-0.0051
54.85,-0.00537
54.86,-0.00558
54.87,-0.00575
54.88,-0.00584
54.89,-0.00587
54.9,-0.00585
54.91,-0.00576
54.92,-0.00562
54.93,-0.00544
54.94,-0.00522
54.95,-0.00496
54.96,-0.00468
54.97,-0.00439
54.98,-0.00409
54.99,-0.0038
55,-0.00352
55.01,-0.00327
55.02,-0.00304
55.03,-0.00287
55.04,-0.00272
55.05,-0.00263
55.06,-0.00259
55.07,-0.0026
55.08,-0.00266
55.09,-0.00276
55.1,-0.00292
55.11,-0.00311
55.12,-0.00333
55.13,-0.00357
55.14,-0.00383
55.15,-0.00409
55.16,-0.00434
55.17,-0.00458
55.18,-0.00479
55.19,-0.00495
55.2,-0.00507
55.21,-0.00514
55.22,-0.00515
55.23,-0.00509
55.24,-0.00496
55.25,-0.00476
55.26,-0.00448
55.27,-0.00413
55.28,-0.00372
55.29,-0.00324
55.3,-0.00272
55.31,-0.00214
55.32,-0.00153
55.33,-8.98E-04
55.34,-2.49E-04
55.35,3.99E-04
55.36,0.00104
55.37,0.00165
55.38,0.00223
55.39,0.00276
55.4,0.00324
55.41,0.00366
55.42,0.004
55.43,0.00427
55.44,0.00447
55.45,0.00458
55.46,0.00462
55.47,0.00458
55.48,0.00446
55.49,0.00429
55.5,0.00406
55.51,0.00377
55.52,0.00345
55.53,0.00311
55.54,0.00274
55.55,0.00238
55.56,0.00201
55.57,0.00167
55.58,0.00136
55.59,0.00108
55.6,8.44E-04
55.61,6.61E-04
55.62,5.36E-04
55.63,4.65E-04
55.64,4.60E-04
55.65,5.12E-04
55.66,6.22E-04
55.67,7.90E-04
55.68,9.99E-04
55.69,0.00125
55.7,0.00153
55.71,0.00185
55.72,0.00218
55.73,0.0025
55.74,0.00283
55.75,0.00314
55.76,0.00342
55.77,0.00366
55.78,0.00387
55.79,0.00403
55.8,0.00413
55.81,0.00417
55.82,0.00416
55.83,0.00408
55.84,0.00395
55.85,0.00376
55.86,0.00351
55.87,0.00321
55.88,0.00288
55.89,0.00251
55.9,0.00212
55.91,0.00171
55.92,0.0013
55.93,8.91E-04
55.94,4.97E-04
55.95,1.25E-04
55.96,-2.20E-04
55.97,-5.26E-04
55.98,-7.90E-04
55.99,-0.00101
56,-0.00117
56.01,-0.00129
56.02,-0.00134
56.03,-0.00135
56.04,-0.0013
56.05,-0.00121
56.06,-0.00107
56.07,-8.98E-04
56.08,-6.96E-04
56.09,-4.70E-04
56.1,-2.29E-04
56.11,1.86E-05
56.12,2.66E-04
56.13,5.07E-04
56.14,7.31E-04
56.15,9.37E-04
56.16,0.00112
56.17,0.00126
56.18,0.00137
56.19,0.00145
56.2,0.00148
56.21,0.00148
56.22,0.00144
56.23,0.00136
56.24,0.00126
56.25,0.00112
56.26,9.68E-04
56.27,7.98E-04
56.28,6.08E-04
56.29,4.16E-04
56.3,2.23E-04
56.31,3.56E-05
56.32,-1.42E-04
56.33,-3.03E-04
56.34,-4.47E-04
56.35,-5.67E-04
56.36,-6.63E-04
56.37,-7.33E-04
56.38,-7.74E-04
56.39,-7.98E-04
56.4,-7.82E-04
56.41,-7.57E-04
56.42,-7.07E-04
56.43,-6.43E-04
56.44,-5.67E-04
56.45,-4.83E-04
56.46,-3.98E-04
56.47,-3.15E-04
56.48,-2.39E-04
56.49,-1.75E-04
56.5,-1.26E-04
56.51,-9.53E-05
56.52,-8.72E-05
56.53,-1.00E-04
56.54,-1.39E-04
56.55,-2.01E-04
56.56,-2.86E-04
56.57,-3.93E-04
56.58,-5.18E-04
56.59,-6.60E-04
56.6,-8.13E-04
56.61,-9.76E-04
56.62,-0.00114
56.63,-0.0013
56.64,-0.00145
56.65,-0.00159
56.66,-0.00171
56.67,-0.00181
56.68,-0.00188
56.69,-0.00192
56.7,-0.00194
56.71,-0.00191
56.72,-0.00185
56.73,-0.00176
56.74,-0.00163
56.75,-0.00147
56.76,-0.00129
56.77,-0.00107
56.78,-8.36E-04
56.79,-5.90E-04
56.8,-3.33E-04
56.81,-7.20E-05
56.82,1.87E-04
56.83,4.37E-04
56.84,6.74E-04
56.85,8.91E-04
56.86,0.00108
56.87,0.00125
56.88,0.00138
56.89,0.00147
56.9,0.00153
56.91,0.00154
56.92,0.00152
56.93,0.00146
56.94,0.00136
56.95,0.00123
56.96,0.00107
56.97,8.75E-04
56.98,6.64E-04
56.99,4.31E-04
57,1.86E-04
57.01,-6.82E-05
57.02,-3.25E-04
57.03,-5.81E-04
57.04,-8.29E-04
57.05,-0.00107
57.06,-0.00129
57.07,-0.00149
57.08,-0.00167
57.09,-0.00184
57.1,-0.00197
57.11,-0.00208
57.12,-0.00216
57.13,-0.00222
57.14,-0.00226
57.15,-0.00228
57.16,-0.00228
57.17,-0.00226
57.18,-0.00222
57.19,-0.00218
57.2,-0.00213
57.21,-0.00207
57.22,-0.00201
57.23,-0.00194
57.24,-0.00187
57.25,-0.0018
57.26,-0.00173
57.27,-0.00167
57.28,-0.0016
57.29,-0.00154
57.3,-0.00147
57.31,-0.0014
57.32,-0.00133
57.33,-0.00125
57.34,-0.00116
57.35,-0.00106
57.36,-9.53E-04
57.37,-8.29E-04
57.38,-6.86E-04
57.39,-5.30E-04
57.4,-3.56E-04
57.41,-1.66E-04
57.42,4.15E-05
57.43,2.63E-04
57.44,4.98E-04
57.45,7.44E-04
57.46,9.99E-04
57.47,0.00125
57.48,0.00152
57.49,0.00177
57.5,0.00202
57.51,0.00225
57.52,0.00247
57.53,0.00267
57.54,0.00284
57.55,0.00299
57.56,0.00311
57.57,0.00318
57.58,0.00323
57.59,0.00324
57.6,0.00321
57.61,0.00314
57.62,0.00304
57.63,0.00291
57.64,0.00275
57.65,0.00256
57.66,0.00235
57.67,0.00213
57.68,0.00189
57.69,0.00165
57.7,0.00141
57.71,0.00118
57.72,9.53E-04
57.73,7.45E-04
57.74,5.58E-04
57.75,3.99E-04
57.76,2.67E-04
57.77,1.68E-04
57.78,1.03E-04
57.79,7.01E-05
57.8,7.59E-05
57.81,1.13E-04
57.82,1.85E-04
57.83,2.86E-04
57.84,4.14E-04
57.85,5.66E-04
57.86,7.35E-04
57.87,9.22E-04
57.88,0.00112
57.89,0.00131
57.9,0.00151
57.91,0.0017
57.92,0.00187
57.93,0.00204
57.94,0.00218
57.95,0.00231
57.96,0.0024
57.97,0.00247
57.98,0.00252
57.99,0.00252
58,0.00251
58.01,0.00247
58.02,0.0024
58.03,0.00232
58.04,0.00221
58.05,0.00209
58.06,0.00196
58.07,0.00182
58.08,0.00168
58.09,0.00154
58.1,0.00141
58.11,0.00129
58.12,0.00117
58.13,0.00108
58.14,0.00101
58.15,9.45E-04
58.16,9.06E-04
58.17,8.91E-04
58.18,8.98E-04
58.19,9.14E-04
58.2,9.53E-04
58.21,0.00101
58.22,0.00107
58.23,0.00114
58.24,0.00122
58.25,0.00129
58.26,0.00136
58.27,0.00142
58.28,0.00146
58.29,0.00149
58.3,0.00151
58.31,0.0015
58.32,0.00146
58.33,0.00141
58.34,0.00132
58.35,0.00121
58.36,0.00107
58.37,8.98E-04
58.38,7.09E-04
58.39,4.96E-04
58.4,2.65E-04
58.41,1.76E-05
58.42,-2.42E-04
58.43,-5.09E-04
58.44,-7.82E-04
58.45,-0.00105
58.46,-0.00132
58.47,-0.00157
58.48,-0.00182
58.49,-0.00204
58.5,-0.00226
58.51,-0.00245
58.52,-0.00261
58.53,-0.00275
58.54,-0.00286
58.55,-0.00294
58.56,-0.003
58.57,-0.00303
58.58,-0.00303
58.59,-0.003
58.6,-0.00296
58.61,-0.0029
58.62,-0.00281
58.63,-0.00272
58.64,-0.0026
58.65,-0.00248
58.66,-0.00235
58.67,-0.00221
58.68,-0.00208
58.69,-0.00194
58.7,-0.00181
58.71,-0.00169
58.72,-0.00156
58.73,-0.00145
58.74,-0.00134
58.75,-0.00124
58.76,-0.00115
58.77,-0.00108
58.78,-0.00101
58.79,-9.60E-04
58.8,-9.14E-04
58.81,-8.83E-04
58.82,-8.67E-04
58.83,-8.52E-04
58.84,-8.60E-04
58.85,-8.75E-04
58.86,-8.98E-04
58.87,-9.37E-04
58.88,-9.84E-04
58.89,-0.00104
58.9,-0.00111
58.91,-0.00119
58.92,-0.00129
58.93,-0.00139
58.94,-0.00149
58.95,-0.00162
58.96,-0.00175
58.97,-0.00188
58.98,-0.00203
58.99,-0.00218
59,-0.00232
59.01,-0.00248
59.02,-0.00263
59.03,-0.00277
59.04,-0.0029
59.05,-0.00304
59.06,-0.00315
59.07,-0.00325
59.08,-0.00333
59.09,-0.00339
59.1,-0.00343
59.11,-0.00345
59.12,-0.00344
59.13,-0.0034
59.14,-0.00334
59.15,-0.00324
59.16,-0.00312
59.17,-0.00297
59.18,-0.0028
59.19,-0.00262
59.2,-0.00241
59.21,-0.00218
59.22,-0.00194
59.23,-0.0017
59.24,-0.00146
59.25,-0.00122
59.26,-9.84E-04
59.27,-7.64E-04
59.28,-5.58E-04
59.29,-3.74E-04
59.3,-2.15E-04
59.31,-8.33E-05
59.32,1.63E-05
59.33,8.63E-05
59.34,1.19E-04
59.35,1.20E-04
59.36,8.73E-05
59.37,2.28E-05
59.38,-6.97E-05
59.39,-1.90E-04
59.4,-3.31E-04
59.41,-4.90E-04
59.42,-6.61E-04
59.43,-8.36E-04
59.44,-0.00101
59.45,-0.00119
59.46,-0.00135
59.47,-0.00149
59.48,-0.00161
59.49,-0.0017
59.5,-0.00177
59.51,-0.00179
59.52,-0.00178
59.53,-0.00172
59.54,-0.00163
59.55,-0.00149
59.56,-0.00132
59.57,-0.0011
59.58,-8.52E-04
59.59,-5.80E-04
59.6,-2.81E-04
59.61,3.41E-05
59.62,3.60E-04
59.63,6.90E-04
59.64,0.00101
59.65,0.00133
59.66,0.00163
59.67,0.00191
59.68,0.00215
59.69,0.00235
59.7,0.00252
59.71,0.00264
59.72,0.00271
59.73,0.00274
59.74,0.00272
59.75,0.00265
59.76,0.00254
59.77,0.00239
59.78,0.00221
59.79,0.00199
59.8,0.00175
59.81,0.0015
59.82,0.00124
59.83,9.84E-04
59.84,7.36E-04
59.85,5.05E-04
59.86,3.03E-04
59.87,1.32E-04
59.88,3.92E-07
59.89,-8.41E-05
59.9,-1.23E-04
59.91,-1.02E-04
59.92,-3.21E-05
59.93,9.67E-05
59.94,2.79E-04
59.95,5.12E-04
59.96,7.98E-04
59.97,0.00112
59.98,0.00148
59.99,0.00187
60,0.00228